ID	Bacteroides_pectinophilus_group	Clostridium_innocuum_group	Eubacterium_eligens_group	Eubacterium_ruminantium_group	Eubacterium_siraeum_group	Eubacterium_sulci_group	Eubacterium_ventriosum_group	Eubacterium_xylanophilum_group	Ruminococcus_gauvreauii_group	Ruminococcus_gnavus_group	Acidaminococcus	Acinetobacter	Actinobacillus	Acutalibacter	Adlercreutzia	Agathobacter	Agathobaculum	Akkermansia	Alistipes	Allisonella	Anaerobutyricum	Anaeroplasma	Anaerostipes	Anaerovibrio	Asteroleplasma	Bacteroides	Barnesiella	Bifidobacterium	Bilophila	Blautia	Brachyspira	Butyribacter	Butyricimonas	CAG-196	CAG-352	CAG-56	Campylobacter	Candidatus_Soleaferrea	Caproiciproducens	Catenibacterium	Catenisphaera	Christensenellaceae_R-7_group	Citrobacter	Clostridium	Colidextribacter	Collinsella	Coprobacillus	Coprobacter	Coprococcus	Coriobacteriaceae_UCG-003	Defluviitaleaceae_UCG-011	Desulfovibrio	dgA-11_gut_group	Dialister	Dorea	Eggerthella	Elusimicrobium	Enterocloster	Enterococcus	Erysipelotrichaceae_UCG-003	Erysipelotrichaceae_UCG-006	Escherichia-Shigella	Faecalibacterium	Faecalimonas	Falcatimonas	Family_XIII_AD3011_group	Family_XIII_UCG-001	Flavobacterium	Flavonifractor	Fournierella	Fusicatenibacter	Fusobacterium	GCA-900066575	Gemella	Gemmiger	Granulicatella	Haemophilus	Holdemanella	Holdemania	Howardella	Hungatella	Intestinibacter	Intestinimonas	Klebsiella	Lachnoclostridium	Lachnospira	Lachnospiraceae_FCS020_group	Lachnospiraceae_ND3007_group	Lachnospiraceae_NK3A20_group	Lachnospiraceae_NK4A136_group	Lachnospiraceae_NK4B4_group	Lachnospiraceae_UCG-003	Lachnospiraceae_UCG-004	Lachnospiraceae_UCG-007	Lachnospiraceae_UCG-010	Lactobacillus	Lactococcus	Leuconostoc	Leyella	Ligilactobacillus	Limosilactobacillus	Mannheimia	Massiliomicrobiota	Massiliprevotella	Mediterraneibacter	Megamonas	Megasphaera	Mitsuokella	Mogibacterium	Monoglobus	Negativibacillus	Neisseria	NK4A214_group	Odoribacter	Olsenella	Oribacterium	Oscillibacter	Oxalobacter	Paludicola	Parabacteroides	Paraprevotella	Parasutterella	Parolsenella	Peptococcus	Phascolarctobacterium	Porphyromonas	possible_genus_Sk018	Prevotellaceae_NK3B31_group	Prevotellaceae_UCG-003	Prevotellaceae_UCG-004	Pseudocitrobacter	Pseudomonas	Rikenellaceae_RC9_gut_group	Romboutsia	Roseburia	Rothia	Ruminobacter	Ruminococcus	Ruthenibacterium	Schaalia	Segatella	Senegalimassilia	Shuttleworthia	Slackia	Solobacterium	Streptobacillus	Streptococcus	Subdoligranulum	Succinivibrio	Sutterella	Terrisporobacter	Thomasclavelia	Tractidigestivibacter	Treponema	Turicibacter	UCG-002	UCG-003	UCG-004	UCG-005	UCG-008	UCG-009	Veillonella	Victivallis	Weissella	Xylanibacter	Zag_111
AK_SG_10	0	0	0.0039004362	0	0	0	0	0	0	0	0	0	0	0	0	0.044598409	0	0	0.0039517578	0	0	0	0	0	0	0.0316653836	0	0	0	0.0031306133	0	0	0	0	0.0007185014	0.0010264306	0	0	0	0.0081088016	0	0.0006158584	0	0	0	0.0181164999	0	0	0	0	0	0	0	0.0153451373	0.0079035155	0	0	0.0013856813	0.0063638696	0.0007698229	0	0.0146779574	0.0814985887	0	0	0	0	0	0	0.0010777521	0.0009237875	0	0	0	0.0058506543	0	0.0020015396	0.0229407236	0	0	0	0.0008211445	0	0.0020015396	0.001744932	0.016679497	0	0	0	0.0197074673	0	0	0.0039004362	0	0.0009237875	0	0	0	0	0	0	0.0012830382	0	0	0	0	0	0	0	0	0	0	0	0	0	0	0	0	0	0.0022068258	0	0.0001539646	0.0004105722	0	0	0	0	0	0	0	0	0	0	0	0.040133436	0	0	0	0	0	0.5757249166	0	0	0	0	0	0.0010264306	0	0.0227354375	0.0230433667	0	0	0	0	0	0.0055940467	0.0014883244	0	0.0021555042	0	0	0.0016936105	0	0	0	0
AK_SG_11	0	0	0.0065596711	0.0010495474	0	0	0	0	0	0	0	0	0.007128176	0	0	0.023877203	0	0	0	0	0	0.000612236	0	0	0	0.0056850483	0	0	0	0	0	0	0	0	0.0005247737	0	0	0	0	0.000918354	0	0.0008308917	0	0.0004373114	0.000612236	0	0	0	0.0101456247	0	0	0	0	0.0173175318	0.0025364062	0	0	0	0	0	0	0.0121572572	0.0424192067	0	0.0002186557	0	0	0	0	0.0020553636	0	0	0	0	0.0030611799	0.0010058162	0	0.0080027988	0	0	0	0	0	0	0.0008308917	0.0005685048	0	0	0	0.0069095203	0	0	0.0022302882	0	0	0	0	0	0.0446494949	0	0	0.0013556654	0	0	0.0008746228	0	0	0	0	0	0	0.0011370097	0.0017055145	0.0075654874	0	0	0	0	0	0.0015743211	0	0	0	0	0	0	0	0	0	0	0	0	0	0	0.0073905628	0.0001311934	0	0.0004810426	0	0	0.5484759697	0	0	0	0	0	0.0112389032	0	0.1730441247	0.0177985744	0	0	0	0	0	0.0209034854	0.0034984913	0.000306118	0.0001749246	0	0	0	0	0	0	0
AK_SG_12	0	0	0.0020201278	0.0009182399	0	0	0	0	0	0	0	0	0	0	0	0.0139939763	0	0.0002571072	0.0005142144	0	0	0	0	0	0.0008815103	0.0002203776	0	0.0007345919	0	0.0007345919	0	0.0009182399	0	0	0.0027179902	0	0	0	0	0	0	0.0027547198	0	0.0009916991	0.0006611327	0.0095496951	0	0	0.001909939	0	0	0.0008447807	0	0.0258576361	0.0071622714	0	0.0074193785	0.000550944	0	0.0037096893	0	0.0209725997	0.042349225	0	0	0	0	0	0	0	0	0	0	0	0.0042973628	0	0.0014324543	0.0060603835	0	0.0001469184	0	0.000367296	0	0	0.0058400059	0.0145449203	0	0	0	0.0220010284	0	0	0.0044075516	0	0.0003305664	0	0	0	0.0267024168	0.0035260413	0	0	0	0	0.0015059135	0	0	0.0032322045	0	0	0	0	0.000367296	0.0001469184	0	0	0.0002571072	0	0	0	0	0	0	0	0	0	0.0058767355	0	0	0	0	0	0	0.0015059135	0.0146918387	0	0	0.0105046647	0	0	0.3499595974	0	0.0009549695	0	0	0	0	0	0.326232278	0.0078234041	0	0	0	0	0	0.0164181297	0.0046279292	0.0013957247	0.0037464189	0	0	0	0	0	0	0.0124513333
AK_SG_15	0	0	0.0015581104	0.0026204585	0	0	0	0	0	0	0	0	0	0.0002360773	0.0001416464	0.0795108478	0	0	0.0035175524	0	0	0	0	0.0018177955	0.0051937015	0.0273849713	0	0	0	0	0	0	0	0.0030690054	0	0.0011803867	0	0	0	0.0098916405	0	0.0041785689	0	0.0009679171	0	0.0009915248	0	0	0.0086640383	0	0	0.0002124696	0	0.0026204585	0.0020538728	0	0	0.0005193701	0	0.0033522982	0	0	0.0220732312	0	0	0	0	0	0	0.001416464	0.0033286905	0.0001416464	0.0018414032	0	0.0022899502	0	0.0004013315	0.0100096792	0	0	0	0	0	0	0.0004957624	0.0008970939	0	0.0025024198	0	0.0086876461	0	0.0005665856	0.0033286905	0	0.0003305083	0	0	0	0	0	0.0003069005	0	0.0004721547	0.0079321986	0	0	0	0	0	0.0001888619	0	0	0.0006846243	0.0003777237	0	0	0	0	0	0.0027857126	0	0	0	0.0004485469	0.0091598008	0	0	0	0	0	0	0	0	0	0.001865011	0	0	0.0054297788	0	0	0.5578035364	0	0	0	0	0	0.0006138011	0	0.1776718053	0.0067990274	0	0	0	0	0	0.0004249392	0.0026912817	0.0006374088	0.0038480606	0	0	0	0	0	0	0.001865011
AK_SG_16	0	0	0	0	0	0	0	0	0	0	0	0	0	0	0	0.0031025243	0	0	0	0.0007051192	0	0	0	0	0	0.003384572	0	0.0023127909	0	0.0005923001	0	0	0	0	0	0	0	0	0	0	0	0	0	0	0	0.0007615287	0	0	0	0	0	0	0	0.0031307291	0.0064588916	0	0	0.0051896771	0	0	0	0.01994077	0.0010999859	0	0	0	0	0	0	0	0	0	0	0	0	0	0	0.0001974334	0	0	0	0	0	0	0.0038358483	0.0013820336	0	0	0	0	0	0	0.000846143	0	0	0	0	0	0.0013820336	0.0021435623	0	0	0	0	0	0.0727400931	0.0493301368	0	0	0	0	0.0004230715	0	0	0	0	0	0	0	0	0	0	0	0	0	0	0	0	0	0	0	0	0	0	0.0005640953	0	0	0	0	0	0.6686786067	0	0	0	0	0	0.0007897335	0	0.1470314483	0.0039768721	0	0	0	0	0	0	0	0	0	0	0	0	0	0	0	0
AK_SG_17	0	0	0.0457647298	0.0031652002	0	0	0	0.0011034643	0	0	0	0	0	0	0	0.2102970642	0	0	0.0012776955	0	0	0	0	0	0	0.2296657665	0.0016551964	0.0002032697	0.0001742312	0.0027586607	0	0.0029038534	0	0	0	0.0002613468	0	0	0	0	0	0.0004065395	0	0	0	0.0015971194	0	0	0.0150709992	0	0	0	0	0	0.0071144409	0	0	0.000871156	0	0.0061561692	0	0.0296483434	0.2118361065	0	0	0	0	0	0	0	0.005110782	0	0	0	0.0099021401	0.0002032697	0	0	0	0	0	0	0	0.070186137	0.0036588553	0.0237535209	0	0.001306734	0	0.010657142	0	0.0134738798	0.0100182943	0	0.0009292331	0	0	0	0	0	0	0	0	0	0.0062432848	0	0	0	0	0	0	0.0003484624	0.0001161541	0.0011615414	0	0	0	0	0	0.0005226936	0.0026425066	0.0003194239	0	0.0007840404	0.0026715451	0	0.00891483	0	0	0	0	0	0	0.0036588553	0.030229114	0	0	0.0090019456	0	0	0.0010453872	0	0	0	0	0	0.0038330865	0	0	0	0	0	0	0	0	0.0019165433	0.003426547	0	0.0009873102	0	0	0.0010453872	0	0	0	0
AK_SG_18	0	0.0003689236	0.0309244792	0	0	0	0	0	0	0.0004123264	0	0	0	0	0	0.2290798611	0.0006944444	0	0	0	0	0	0.0008897569	0	0	0.3320746528	0	0	0	0.0203342014	0	0	0	0	0.0015625	0.0011284722	0	0	0	0	0	0	0	0.0009114583	0	0	0	0.0006076389	0	0	0	0	0	0	0.0074001736	0	0	0.0008029514	0	0	0	0.0013671875	0.1522352431	0	0	0	0	0	0.0007161458	0	0.0052300347	0.0610026042	0	0	0	0	0.0008463542	0	0	0	0	0	0	0	0	0.0024739583	0	0.0018880208	0	0.0427083333	0	0.0199869792	0.0081814236	0	0	0	0	0	0	0	0	0.0045789931	0	0	0.0123914931	0	0	0	0	0	0	0.0006510417	0	0	0	0	0	0	0	0	0	0	0	0	0	0	0	0	0	0	0	0	0	0.0021050347	0.0416449653	0	0	0.005859375	0	0	0.0007595486	0	0	0	0	0	0.0009331597	0	0	0	0	0.0059244792	0	0	0.0005425347	0	0	0	0	0	0	0.00078125	0	0	0	0
AK_SG_19	0	0	0.0013676149	0	0	0	0	0	0	0	0	0	0	0	0.0001709519	0.0634573304	0.0011282823	0	0	0	0	0	0	0.0056414114	0	0.0004786652	0	0.0020856127	0	0.0052653173	0	0	0	0	0	0	0.0194201313	0	0	0.0232152626	0	0.0003419037	0	0.002393326	0	0.0097100656	0	0	0.0099152079	0	0	0	0	0.0313183807	0.0133684354	0	0	0	0	0	0	0.0004444748	0.071970733	0	0	0	0.0007521882	0	0	0.0009915208	0	0	0	0	0.0010940919	0	0.0018804705	0.0286857221	0	0	0	0.0032822757	0.0006838074	0.0024617068	0.0060516958	0.0030429431	0	0	0.0004444748	0.00735093	0	0	0.0016411379	0	0	0	0	0	0.0310448578	0	0	0	0	0.0031797046	0.014428337	0	0	0.0024958972	0	0	0	0.0006838074	0.0006496171	0	0	0.0012992341	0	0	0	0	0	0	0.0002393326	0	0.0023591357	0	0	0.0004444748	0.0009573304	0	0	0	0.002666849	0.0007863786	0.0121033917	0	0	0.0061884573	0	0	0.4639975383	0.00092314	0	0.0001709519	0.0001709519	0	0.0065645514	0	0.0819201313	0.0033164661	0	0	0	0.0205142232	0.0008889497	0.0126162473	0.0019488512	0.0031455142	0.0020514223	0.0016411379	0	0.000547046	0	0	0	0
AK_SG_2	0	0	0.002558854	0.001364722	0.001620607	0	0	0.001961788	0.004691232	0	0	0	0	0	0	0.04665643	0	0.006866257	0.02486353	0	0	0.001407369	0	0	0.0009808939	0.01966053	0.001108837	0	0.0005117707	0.007122143	0	0	0	0	0.00716479	0	0	0	0	0.005928011	0	0.02128113	0	0	0.001663255	0.0009808939	0	0.0004264756	0.003710338	0	0	0.00524565	0	0.02285909	0.01096042	0	0	0.001450017	0	0.002047083	0	0.001151484	0.03194302	0	0.004051518	0.001876493	0	0	0	0.008017741	0.003923576	0	0	0	0.0034971	0	0	0.010406	0	0	0	0	0	0	0.003582395	0.002686796	0	0	0	0.006397134	0	0.004861822	0.007804504	0	0.003070624	0	0	0	0.08137155	0	0	0	0.0003411805	0	0.002302968	0	0	0	0	0.001407369	0	0.0007250085	0.004691232	0.003454452	0	0	0.0005970658	0	0	0.001023541	0.001322074	0	0	0.0004264756	0	0	0.02648414	0	0	0	0	0	0	0	0.007591266	0	0	0.00682361	0	0	0.2162658	0.001151484	0	0	0	8.529512e-05	0.000682361	0	0.2955049	0.01774139	0	0	0	0	0	0.01893552	0.004776527	0	0.002900034	0	0.0008103037	0	0.001322074	0	0	0.002900034
AK_SG_25	0	0	0.0097857087	0	0	0	0	0	0	0	0	0	0	0.0003924749	0	0.1586383736	0.0032182946	0	0	0	0	0	0	0	0	0.0179753526	0	0.0089222638	0	0.0043957194	0	0	0	0	0	0	0	0	0	0.0569873623	0	0	0	0.0144430781	0.0007849499	0.0104659986	0	0	0	0	0	0	0	0.0397446296	0.0087914388	0	0	0.0045527094	0	0.0009157749	0	0.0014390748	0.0276040713	0.000340145	0	0	0	0	0	0	0.0062011042	0	0	0	0.0020931997	0	0.000235485	0	0	0	0	0	0	0.0005494649	0.0009419399	0.0060964442	0	0.00031398	0	0.0054423193	0	0	0.0030613046	0	0	0	0	0	0.0412360344	0	0	0	0	0	0.0010204349	0.0018838797	0	0	0	0	0	0.0006802899	0	0.000183155	0	0	0	0	0	0.0008896099	0	0	0	0	0	0	0	0	0	0	0	0	0	0.0005494649	0.0236531568	0	0	0	0	0	0.5264397289	0.0013344148	0	0.00031398	0	0	0.0008372799	0	0	0.0066459091	0	0	0	0	0	0	0	0	0	0	0	0	0	0	0	0
AK_SG_26	0	0	0.0056575225	0	0	0	0	0	0	0.0046049602	0	0	0	0	0	0.0317742254	0	0	0	0	0	0	0	0	0	0.0105914085	0	0.0012499178	0	0.0032892573	0	0	0	0	0	0	0	0	0	0	0	0	0	0.0013814881	0.0008552069	0.0144727321	0	0	0.0199328992	0	0	0	0	0	0.009012565	0	0	0.0028945464	0	0.0219722387	0	0.0025656207	0.0691401881	0	0	0	0	0	0	0	0.0019735544	0.0003289257	0	0	0.0059206631	0	0	0	0	0	0	0.0012499178	0	0	0.0136175252	0.0183540557	0	0.0013157029	0	0.0151963687	0	0	0.012170252	0	0.0003947109	0	0	0	0.0699296099	0	0	0.0057890928	0	0	0.0011841326	0.0040128939	0	0	0	0	0	0.000920992	0.0005262812	0	0	0	0	0	0	0	0.0003947109	0	0	0	0.0209196763	0.0002631406	0	0	0	0	0	0	0	0.0013814881	0.0111834748	0	0	0.000920992	0	0	0.5871982106	0	0	0	0	0	0.0027629761	0	0	0.0166436419	0	0.0002631406	0	0	0	0.0045391751	0.0012499178	0	0	0	0	0	0	0	0	0
AK_SG_4	0	0	0.003860061	0.003020918	0	0	0.0008849152	0	0	0	0	0	0	0	0	0.1502983	0.0001983431	0	0.00816258	0	0	0	0	0	0	0.03852433	0	0.0001830859	0	0.006835207	0	0	0	0	0.0005492577	0.0004882291	0	0	0	0.006652122	0	0.0002593717	0	0.001312116	0	0.001815602	0	0	0.006133378	0	0	0	0	0.02358757	0.01103093	0	0	0.0009459439	0	0	0	0.007781151	0.1189753	0.0002288574	0	0	0.0003051432	0	0	0	0.00102223	0.0001373144	0.001525716	0	0.001952916	0	0.001220573	0	0	0	0	0	0	0	0.0100087	0.004333033	0	0.0006255435	0	0.02129899	0	0.002136002	0.004333033	0	0.0007018293	0	0	0	0	0	0	0	0	0	0.002181774	0	0	0	0	0	0	0.0003661718	0.0006255435	0.0008544009	0	0	0	0	0	0.002639489	0.0007018293	0.0008086294	0	9.154296e-05	0	0	0	0	0	0	0	0	0	0.001861373	0.01328899	0	0	0.009108524	0	0	0.5025556	0.0004729719	0	0	0	0	0.0002288574	0	0	0.008528752	0	0	0	0	0.0005492577	0.006545321	0.001571487	0	0.00569092	0	0	0	0	0	0	0
AK_SG_5	0	4.355116e-05	0.004202687	0	0	0	0	0	0	0	0	0	0	0.000261307	0	0.1356836	0	0	0.002874377	0.00093635	0	0	0	0	0.01332666	0.05182588	0	0.0004572872	0	0.002765499	0	0	0	0	0	0.0007621453	0	0	0	0.002678396	0	0	0	0.004703525	0	0.002983255	0	0	0.002525967	0	0	0	0	0.03329486	0.01236853	0	0	0	0	0.002438865	0	0.0007185942	0.06952943	0	0	0	0	0	0.0008274721	0	0.00167672	0.000413736	0	0	0.002678396	0	0.0006968186	0.001938027	0	0	0	0.004943057	0	0.0002177558	0.001045228	0.005291466	0	0.001480739	0	0.001938027	0	0	0.02288614	0	0.000261307	0	0	0	0	0	0	0.0004572872	0	0	0.003897829	0.0003701849	0.0007185942	0	0	0.0003701849	0	0	0	0	0	0	0	0	0	0.003484093	0	0	0	0	0	0	0	0	0	0	0	0	0	0	0.0007839209	0	0	0	0	0	0.5604599	0.0003048581	0	0	0.0002177558	0	0.0004355116	0	0	0.03070357	0	0	0	0	0.0003484093	0.0005443895	0.006227816	0	0	0	0	0	0	0	0	0
AK_SG_7	0	0	0.0031991624	0.0040134946	0	0	0	0	0	0	0	0	0	0	0	0.0763145649	0	0	0	0	0	0	0	0	0	0.0010179153	0	0	0	0.0015704979	0	0	0	0	0.0222778036	0	0	0	0	0.0112843183	0	0.0018322476	0	0.0043624942	0.0006107492	0.0013959981	0	0	0.0034318288	0	0	0.0006979991	0	0.0217543043	0.0081724058	0	0.0411819451	0	0	0.0001454165	0	0.0001454165	0.0487436017	0	0	0	0.0001454165	0	0	0	0	0	0	0.0002035831	0.0022394137	0	0.0007270824	0.0044788274	0	0	0	0	0	0.0006107492	0.0009306654	0.0007270824	0	0	0	0.011749651	0	0	0.0018322476	0	0	0	0	0	0.0351617031	0	0	0	0	0	0.0015123313	0	0.0013959981	0.0018031643	0	0	0	0.0002908329	0.000785249	0	0	0.0010469986	0	0	0	0.0001454165	0	0	0	0.0002617497	0	0	0	0	0	0	0	0	0.0064855747	0.0021230805	0.0048859935	0	0	0.00247208	0	0	0.2525884132	0	0	0	0	0	0.0003489995	0	0.3855863192	0.0094229874	0	0	0	0	0	0.0112843183	0.0028501629	0.0002035831	0.0035481619	0	0	0	0	0	0	0
AK_SG_9	0	0	0.005611034	0.000411999	0	0	0	0	0	0	0	0	0	0	0	0.160836554	0	0	0	0	0	0.000470856	0	0	0.001255616	0.000274666	0	0.000725903	0	0	0	0	0	0	0	0	0	0	0	0.017794432	0	0.000215809	0	0.00039238	0.000215809	0.001020188	0	0	0.001804948	0	0	0	0	0.017362814	0.005905319	0	0	0.001314473	0	0.000882855	0	0.003688372	0.023895941	0	0	0	0	0	0	0.000882855	0.000529713	0	0.000313904	0	0.001000569	0	0	0.000294285	0	0	0	0	0	0	0.006435032	0.018971572	0	0	0	0.006258461	0	0.000510094	0.004453513	0	0	0	0	0	0.039100665	0.000235428	0	0.001118283	0	0	0	0	0	0.000568951	0	0	0	0.000549332	0.000176571	0	0	0	0	0	0	0	0	0	0.000372761	0	0.000647427	0	0	0.000235428	0	0	0	0	0.001412568	0.00568951	0.007788743	0	0	0	0	0	0.406760707	0	0	0.000176571	0	0	0.000372761	0	0.235251417	0.009279787	0	0	0	0	0.001039807	0.000568951	0.001137902	0	0.000431618	0	0	0.00039238	0	0	0	0.002962469
AK_SK_9	0	0	0.0008638753	0	0.0001838033	0	0	0	0	0	0	0	0	0	0.0003676065	0.09489762	0	0	0	0.0002021836	0	0	0	0	0.004006911	0.0006433114	0	0.01295813	0.000110282	0.001746131	0	0	0	0	0	0	0	0	0	0.06706981	0	0.0001838033	0	0.001176341	0.0002389442	0.0033636	0	0	0.003510642	0	0	0	0	0.00507297	0.005477337	0	0	0.0006065507	0.001305003	0	0	0.1000625	0.03429769	0	0	0.0001470426	9.190163e-05	0	0	0	0.0001838033	0	0.0002205639	7.35213e-05	0.0006433114	0	0.0004043672	0.004190714	0	0.0002757049	0	0	0	0	0.0008271147	0.007609455	0	0	0.001635849	0.00227916	0	0	0.003473882	0	0	0.0003124655	0	0	0.0170018	0.004245855	0	0	0	0	0.0005146491	0	0.004466419	0.002021836	0	0.0003859868	0	0.0004043672	0.0009741573	9.190163e-05	0	0.0005146491	0	0.000110282	0	0	0	0	0	0	0	0	0	0.001433665	0	0	0	0	0.002665147	0.001047679	0.003510642	0	0	0.0009373966	0	0	0.5804139	0	0	0	0.0003308459	0	0.00619417	0	0	0.005973606	0	0	0	0	0	0.002518105	0.001047679	0.0002940852	0.0003308459	0	0	0.001856413	0	0	0	0
AK_SK_14	0	0	0.00502922	0.0033153518	0.0002528658	0	0	0.0019386379	0	0	0	0	0	0.0001685772	0.0001966734	0.0582715217	0	0	0	0	0	0	0	0	0.0090750731	0	0	0.0769835918	0	0.0057597213	0	0	0	0	0	0	0	0	0	0.0148909867	0	0.0006181164	0	0.0019105417	0	0.0081198022	0	0	0.0044391998	0.0001685772	0	0	0	0.0154529108	0.0154529108	0	0.0018824455	0.0016576759	0	0	0.0005057316	0	0.0574005394	0.0004495392	0	0.0006181164	0.0005338278	0	0	0.0017138683	0.0021353113	0	0.0007585974	0	0.0040177568	0.0002247696	0.0022476961	0.0044953922	0	0.0015171949	0	0	0	0	0.0049449314	0.0103674983	0.0003090582	0.0007305012	0.007951225	0.0067149921	0.0008709822	0	0.0088783996	0	0	0	0	0	0.0178691841	0.0071926276	0	0	0	0.000702405	0.000983367	0	0.0057035289	0.0009552708	0	0.0005057316	0	0.0007305012	0.0018824455	0	0	0.0017981569	0	0	0	8.42886e-05	0	0	0.0027815239	0	0	0	0.0060406833	0.0005900202	0	0	0	0	0.0301472241	0.0028096201	0.0005057316	0	0	0.0092998427	0	0	0.2936334008	0.000421443	0	0.0012643291	0.0014048101	0	0.0032310632	0	0.0054787593	0.0146100247	0	0	0	0.1912508429	0	0.0425938413	0.0028658125	0.0006462126	0.0077826478	0	0.0001123848	0.000702405	0.0004495392	0	0	0
AK_SK_18	0	0	0.01001361	0.009333074	0.002843671	0	0	0.001385378	0.00209022	0	0	0	0	0	0	0.03018666	0	0	0	0	0.0005347074	0	0	0	0	0.0002430488	0	0.04100233	0	0.008944196	0	0	0	0.006975501	0	0.002017305	0	0	0	0.02744021	0	0.004569318	0	0.004569318	0.001993	0.02082928	0.0001701342	0	0.009333074	0	0	0.002940891	0	0.01453432	0.02855823	0	0	0.0008020611	0	0	0.001361073	0.00308672	0.04788061	0	0	0.001239549	0.0005104025	0	0	0.003451293	0.004156135	0	0.0005590122	0	0.006562318	0	0	0.02163134	0	0.0008263659	0	0.0006805367	0.001142329	0.0002673537	0.004909586	0.007048415	0	0.002916586	0.003111025	0.01436418	0	0	0.008628233	0.002576317	0.001409683	0.001069415	0.0009721952	0	0.04508555	0.0005590122	0	0	0	0.00109372	0.003013805	0	0.003208244	0.0005590122	0	0.00612483	0	0.0007777562	0.006392184	0	0	0.006319269	0.0009235855	0	0	0	0	0	0.001263854	0.0003645732	0.00209022	9.721952e-05	0	0.0005833171	0	0	0	0	0.006683842	0	0.01968695	0	0	0.01101011	0	0	0.3159148	0.00104511	0	0.0008506708	0.004156135	0	0.0006562318	0	0.05952265	0.002965195	0	0	0	0.03869337	0	0.04212036	0.005322769	0.000413183	0.01317325	0	0.003305464	0.0005104025	0	0	0	0.02384309
AK_SK_2	0	0.0001496356	0	0	2.992713e-05	0	0	0	0	0.0007930689	0	0	0	0	0.0001496356	0.01234494	0	0	0	0	0	0	0	0	0.0001346721	0.003815709	0	0.09664966	0	0.0005686154	0	0	0	0	0	0	0	0	0	0.03812716	0	0.0003740891	0	0.001421539	0.0005087612	0.01634021	0	0	0.004937976	0	0	4.489069e-05	0	0.02307382	0.001795628	0	0	0.0004489069	0	0	0	0.003157312	0.004713523	0.0001496356	0	0.0001795628	0	0	0	0	0.0003591255	0.0001645992	0	0	0.001062413	0	0.0003740891	0.00411498	0	0	0	0.0003740891	0	0.0002244535	0	0.002648551	0	0	0.001017522	0	0	0	0.002124826	0	0	0.0007182511	0	0.0003291984	0.01526283	0.0659145	0.001451466	0	0	0.0008678867	0	0	0.0467761	0.01126756	0	0.0007332146	0	0	0.001122267	0	0	0.001137231	0	0	0	0	0	0	0.002379207	0	0	0	0	0.0001346721	0	0	0	0	0.001481393	0.00109234	0	0	0	0.002618624	0	0	0.612339	0.0002244535	0	0.0002543806	0.0001945263	0	0.00197519	0	0.0009427045	0.002439061	0	0	0	0	5.985425e-05	0.003381765	0.001002559	0.0002992713	0.0006135061	0	0	0.0006135061	0	0	0	0
AK_SK_26	0	0	0.002329588	0.00196559	0.004319445	0	0	0.0005581305	0.002839186	0	0	0	0	0.0003639982	0.0003882647	0.01975297	0.0009221287	4.853309e-05	0	0	0	0	0.002984785	0	0	0.000849329	0	0.06132156	0	0.01526366	0	0	0	0.006649033	0.0007279963	0	0	0.0008007959	0	0.06903832	0.001650125	0.004392244	0	0.002232522	0.00126186	0.007474095	0	0	0.006357834	0	0	0.0004125312	0	0.01067728	0.01769031	0	0.0003397316	0.00140746	0	0	0.000266932	0	0.05435706	0.000849329	0	0.002984785	0.0003154651	0	0	0.001625858	0.001237594	0	0	0	0.004270912	0	0	0.006818899	0	0.0003154651	0	0.0005095974	0.0008007959	0.004974641	0.0006551967	0.005678371	0	0.001989857	0.0008978621	0.003397316	0	0	0.001480259	0	0.0008250625	0	0.0004125312	0	0.01477833	0.0004853309	0	0	0	0.000533864	0.005314373	0	0.007401296	0.001504526	0	0.004901842	0	0.001019195	0.005848237	0	0	0.001213327	0.00140746	0	0	0	0	0	0.001431726	0	0.003470116	0	0	0.0009706617	0	0	0	0	0.01604019	0	0.001747191	0	0	0.03035745	0	7.279963e-05	0.4032857	0.0009949283	0	0.0005095974	0.00126186	0	0.0003154651	0	0	0.003009051	0	0	0	0.06881992	0	0.04603363	0.00322745	0.005872504	0.01096848	0	0.001722925	0.0002911985	0	0	0.0008978621	0.01460846
AK_SK_27	0	0	0.008978023	0.01856301	0.00123922	0	0	0.0003540629	0	0	0	0	0	0	0	0.07647758	0.0002023216	0	0	0	0.0005058041	0	0	0	0.0003793531	0.0002781923	0	0.0193723	7.587062e-05	0.01218988	0	0	0.0005310943	0	0.0001770314	0	0	0	0	0.05523381	0	0.005310943	0	0	0.001112769	0.007941124	0	0	0.01482006	0	0	0.005462684	0	0.03085405	0.0325232	0	0	0.003464758	0	0	0	0.0004299335	0.01517412	0.0005310943	0	0.001416251	0.0002276118	0	0	0	0.00374295	0	0	0	0.003161276	0.0003287727	0.0003793531	0.02303938	0	0.0005563845	0	0	0.001542703	0	0.005058041	0.01021724	0	0.001492122	0	0.01499709	0	0	0.01398548	0	0.003768241	0	0	0	0.04936648	0	0	0	0	0	0.01560406	0.003009534	0	0.001997926	0	0.001643863	0	0	0.001795605	0.0002276118	0	0	0	0	0	0.0002529021	0.001466832	0	0.001416251	0	0	0	0	0	0	0	0	0	0.009736729	0	0.0260742	0	0	0.009256215	0	0	0.2368934	0.0002781923	0	0.0005310943	0.002933664	0	0.001871475	0	0.1866164	0.01676741	0	0	0	0	0	0.03032296	0.0003540629	0.001896765	0.002579601	0	0.0001517412	0.0003287727	0.0005310943	0	0	0
AK_SK_29	0	0	0.0040651668	0.0056167572	0	0	0.000806827	0	0	0	0	0	0	0	0.0002792863	0.1490147401	0	0	0.0173778123	0	0	0	0	0	0	0.0337315749	0.0043444531	0.0993017843	0.0003103181	0.0067649341	0	0	0.0016757176	0	0	0.0014895268	0	0	0	0.03742436	0	0.002420481	0	0.0009930178	0.0007447634	0.0083165244	0	0	0.0063925524	0	0	0	0	0.0171295578	0.0209464701	0	0	0.0023894492	0	0.0003723817	0	0.0022963538	0.0354693561	0	0	0.0006826998	0	0	0	0.0008378588	0.0022032583	0	0	0	0.0046858029	0	0.0009309542	0.0120713732	0	0	0	0	0	0.0008378588	0.0062063615	0.005802948	0	0.0010550815	0	0.0085958107	0	0	0.009837083	0	0	0	0	0	0	0.0404344453	0.0008999224	0	0	0	0.0114817688	0.0009930178	0	0	0	0.0021722265	0	0	0.0057719162	0.000155159	0	0	0	0	0	0.0008378588	0	0	0	0	0	0	0	0	0	0	0	0	0	0	0.01321955	0	0	0.009992242	0	0	0.3506283941	0.0006826998	0.0013033359	0.0012723041	0	0	0.0031342126	0	0	0.0035686579	0	0	0	0	0	0.0281458495	0.0026997673	0	0.0080993018	0	0	0.0007757952	0.0003103181	0	0	0
AK_SK_31	0	0	0	0	0.0004709682	0	0	0	0.0005606764	0	0	0	0	0.0001121353	0	0.03722891	0	0	0.0002691247	0.0003139788	0	0	0	0	0	0.001412905	0	0.09993496	0	0.003722891	0	0	0	0	0	0	0	0	0	0.01074256	0	0.001412905	0	0.0007625199	0	0	0	0	0.01132566	0	0	0.001726883	0	0.02114871	0.01426361	0	0	0.00136805	0.0001794164	0	0	0	0.03561416	0.000807374	0	0.0004261141	0	0	0	0	0.001457759	0	0	0	0.002063289	0	0.0001569894	0.01542981	0	0	0	0.0002242706	0	0	0.00479939	0.004373276	0	6.728117e-05	0	0.0009195093	0	0	0.003700464	0	0.00038126	0	0.0004261141	0	0	0.006257149	0.0005606764	0	0	0.0005606764	0.00174931	0	0.009150239	0	0	0.001054072	0	0	0.003005226	0.0001345623	0	0	0.0003139788	0	0.0006728117	0	8.970822e-05	0	0.0006952387	0	0	0	0	0	0	0	0	0	0.0003588329	0.0008970822	0.01193119	0	0	0.004530265	0	0	0.4976339	0.0003364058	0	0.000403687	0.001009218	0	0.0002691247	0	0.1519882	0.00632443	0.0002018435	0	0	0	0	0.01480186	0.001278342	0.0006055305	0.001682029	0	0.0001569894	0	0	0	0	0.003543475
AK_SK_36	0	0	0	0	0.000269932	0	0	0	0	0	0	0	0	0	0.0005644033	0.0289563446	0	0	0	0.000441707	0	0	0	0	0	0	0	0.1472111114	0	0.0014968958	0	0	0	0	0	0	0	0	0	0.0214718657	0	0.0006870997	0	0	0.0005153248	0.0097666315	0	0	0.0047360801	0	0	0	0	0.022036269	0.0078280288	0	0	0.0011778852	0	0	0	0	0.0268705062	0	0	0	0.0008588746	0	0	0.0003680891	0.0005889426	0	0	0	0.0016195922	0	0	0.0021839955	0	0.0007361783	0	0	0	0	0.0034845771	0.0007607175	0	0.0005889426	0	0.000711639	0	0	0.0035091163	0	0	0	0	0	0.0037054305	0.0155579004	0	0	0	0.0005644033	0.0034109592	0	0.0493484822	0	0	0.0006380212	0	0	0.0010061103	0	0	0.0014478172	0.0003680891	0	0	0	0	0	0.0021349169	0	0	0	0.0017177493	0.0001717749	0	0	0	0	0	0.0009079532	0	0	0	0.0027483988	0	0	0.6098255258	0.0003435499	0	0.0006380212	0.0004662462	0	0	0	0.0001963142	0.0090304532	0	0	0	0	0	0.003656352	0.0017668278	0	0.0009079532	0	0	0	0	0	0	0
AK_SK_39	0	0	0.01483342	0.01459646	0.005449979	0.0001895645	0	0.001848254	0	0	0	0	0	0	0.001232169	0.0597602	0	0	0	0	0	0	0.001326951	0	0.00255912	0.0009478224	0	0.07089711	0	0.01540211	0	0.004454765	0	0	0.02270035	0	0	0.001658689	0.001421734	0.09407137	0	0.01592342	0	0.01848254	0.003222596	0.003933463	0	0	0.03251031	0	0	0.001895645	0.0006634757	0.01890906	0.01379082	0	0	0	0	0.0001895645	0	0	0.05810151	0.0007582579	0	0.009478224	0.001469125	0	0	0.0009004313	0	0	0	0	0.009715179	0	0	0.008814748	0	0.0007108668	0	0.002843467	0.001563907	0	0.005402588	0.002748685	0	0.002322165	0.01402777	0.001469125	0	0	0.007250841	0	0.0008530401	0.0007582579	0	0	0.01270082	0.005260414	0	0	0	0.0009004313	0.01402777	0	0.003506943	0.004170418	0	0.01819819	0	0	0.02089948	0	0	0.004265201	0.001563907	0	0	0	0	0	0.002511729	0	0.001469125	0	0.01274821	0	0.005118241	0.003364769	0	0	0.02786598	0	0.01416994	0	0	0.03478508	0	0	0.10881	0.001895645	0	0.002085209	0.001990427	0	0.0009478224	0	0	0.01061561	0	0	0	0	0	0.09317094	0.007487797	0.005307805	0.01852993	0	0.007724752	0	0	0	0.001753471	9.478224e-05
AK_SK_47	0	0	0	0	3.99864e-05	0	0	0	0	0	0.0005398165	0	0	0	0.0003398844	0.0218725633	0.0005997961	0	0	0.0012995582	0	0	0	0.0004198572	0	0.0003798708	0	0.0163544395	0	0.0017594018	0	0	0	0	0	0	0	0	0	0.0408860987	0	0.0009396805	0.0046584161	0.0047183957	0.0009996601	0.008697043	0	0	0.0030789532	0	0	0	0	0.0154547454	0.0168142831	0	0	0.0003198912	0.0012995582	0	0	0.0209328828	0.0288901773	0	0	0.0001199592	0.0002199252	0	0	0	0.0012195853	0	0	0.0001199592	0.0035188036	0	0	0.0034188376	0	0.0003398844	0	0	0.0005997961	0.0730151748	0.0004798369	0.0019193474	0	0	0.0025391367	0.0005798029	0	0	0.0018593678	0	0.0001799388	0.0001799388	0.0108363157	0	0.0118359758	0.0022392387	0	0	0	0.000399864	0.0040386269	0	0.0170542016	0.0008597077	0	0.0004198572	0	0.0003398844	0.0041585861	0	0	0.0061579063	0	0	0	0	0	0	0.001979327	0	0.0004798369	0	0	0.0004398505	0.0004598437	0	0	0	0.0029789871	0.0005198233	0.0026990823	0	0	0.0035987764	0	0	0.5950776736	0	0	0	0.0024591639	0	0.0019593338	0	0.0160945279	0.0013595378	0	0	0	0.0012995582	0	0.0191934742	0.0048583482	3.99864e-05	0.0041585861	0	0	0.000399864	0	0	0	0
AK_SK_47.2	0	0	0.0066949802	0.0004423996	0	0	0.000383413	0	0	0	0	0	0	0	0	0.0609626615	0	0	0	0	0	0	0	0	0.0185217956	0.0003539197	0	0.0142452663	0	0.0017695983	0	0.0012682121	0	0	0	0	0.0023004778	0	0	0.0231227511	0	0.0001769598	0	0.0033032502	0.0003244264	0.0069899133	0	0	0.0059576476	0	0	0.0001179732	0	0.011413909	0.0083760986	0	0.0004718929	0.0004129063	0	0	0	0.0167521973	0.0247743762	0.0001769598	0	0.0001474665	0.0001474665	0	0	0.0005013862	0.0006193594	0	0.0002359464	0	0.0017106117	0	0.0011797322	0.0016811184	0	0.0004718929	0	0	0	0.0020940247	0.0019170648	0.0109420162	0	0.0005013862	0.0004718929	0.0101456969	0	0	0.0019465581	0	0	0.0043355158	0.0018580782	0	0.0300536778	0.0074618062	0	0.0002654397	0	0.0007668259	0.0007963192	0	0.0032442636	0	0	0	0	0.0012387188	0	0	0	0.0027133841	0	0	0.0001179732	0	0	0	0	0	0.0001179732	0	0	0.0004423996	0.0019170648	0	0	0	0.0062230874	0	0.0082876187	0	0	0.0029198372	0	0	0.4744882912	0	0	0	0.002418451	0	0.0115613756	0	0.1847460626	0.0024774376	0	0	0	0.0005308795	0.0002654397	0.0023004778	0.0017106117	0.0002064531	0.0009142925	0	0.0001179732	0	0	0.0002064531	0	0.0012682121
AK_SK_49	0	0	0.0037628278	0	0.0007981756	0	0	0	0	0.0021949829	0	0	0	0.0003705815	0	0.082041049	0	0	0.0010262258	0	0	0	0	0	0.1610889396	0.1371151653	0	0.1721778791	0	0.0106613455	0	0.0018814139	0.0020524515	0	0	0	0	0	0	0	0	0	0	0.0026510832	0	0	0	0	0.0014253136	0	0	0	0	0.0058437856	0.004618016	0	0	0.0009977195	0	0	0	0.0005416192	0.2964367161	0	0	0	0	0	0	0	0.0074116306	0	0	0	0	0	0.0018529076	0	0	0	0	0.0014253136	0	0	0.0028221209	0.0080957811	0.0022805017	0.0003420753	0	0.0018529076	0	0	0.0036202965	0	0	0	0	0	0	0	0.0015108324	0	0	0	0	0	0	0.0033922463	0	0.0007126568	0	0.0008836944	0	0	0	0	0	0	0	0.0016533637	0	0	0	0	0.0083238312	0	0	0	0	0	0	0	0	0.0009692132	0.0055587229	0	0	0.0032212087	0	0	0.0346351197	0	0	0	0	0	0.002936146	0	0	0.0047605473	0.0003990878	0.0020524515	0	0	0.00168187	0	0.0006556442	0.0005131129	0	0	0	0.0035632839	0	0.0051881414	0	0
AK_SW_1	0.0018097728	0	0.0031671024	0.0013070581	0	0	0	0	0	0	0	0	0	0	0	0.0521315102	0	0	0	0	0	0.0009551579	0.0038709029	0	0	0.0006535291	0	0	0	0	0	0	0.0001508144	0.0043736175	0	0	0	0	0	0.0029660165	0	0.0009048864	0	0	0	0.0007038005	0	0	0.0019103157	0	0	0.000754072	0	0.0026643877	0.0025638448	0	0.0080434345	0	0	0.0048260607	0	0.0015584154	0.0418761311	0	0	0	0	0	0	0.001508144	0.0009551579	0.0001005429	0	0	0.0019605872	0	0.0014578725	0.0008546149	0	0	0	0	0	0.0520812387	0	0.0031168309	0	0	0	0.0174441987	0	0.0018097728	0.0016086869	0	0	0	0	0	0.0089985924	0	0	0	0	0	0	0	0	0	0	0	0	0.0012065152	0.0016086869	0	0	0	0.0003016288	0	0	0	0	0	0	0	0.0062336618	0	0.004423889	0	0	0	0	0	0	0	0.0097526644	0	0.425547959	0.0012567866	0	0	0.1438769355	0.0003519003	0	0	0	0	0.0034687311	0	0.0646491052	0.0012567866	0	0	0	0	0	0.0129197667	0.0027649306	0	0.0090488639	0.0015584154	0	0.0008546149	0.0003519003	0.0022119445	0	0.0772672431
AK_SW_11	0	0	0.002569043	0.0005505092	0	0	0	0	0	0	0	0	0	0	0	0.0216533627	0	0	0	0	0	0	0	0	0	0	0	0.0015139004	0	0	0	0	0	0	0	0	0	0	0	0.0218827415	0	0	0	0	0	0.0005046335	0	0	0.0009633911	0	0	0	0	0.0126158363	0.0011010184	0	0	0.0081658868	0	0.0035783099	0	0	0.0460133957	0	0	0	0	0	0	0.0007340123	0	0	0	0	0	0	0.0006422608	0.0004587577	0	0	0	0	0	0	0.0056427195	0.0010551427	0	0	0	0	0	0	0.0035324342	0	0	0	0	0	0.0419763281	0.0008716396	0	0	0	0	0.0010551427	0	0	0	0	0	0	0	0.0004587577	0	0	0	0	0	0	0.0001376273	0	0	0	0	0	0	0	0	0	0	0	0	0.0009633911	0	0.0021561611	0	0	0.0002293788	0	0	0.4344894027	0.0003211304	0	0	0	0	0.0006422608	0	0.3236535462	0.0058720984	0	0	0	0	0.0003670061	0.0011010184	0.0009175154	0	0	0	0	0	0	0	0	0.0516102395
AK_SW_12	0	0	0.0050572129	0	0	0	0	0	0	0	0	0	0	0	0	0.1579995913	0	0.0003575807	0.0003064978	0.0008173273	0	0	0	0	0	0.0054147936	0.0003064978	0.0317225174	0	0	0	0	0	0	0	0	0	0	0	0.0118512464	0	0.0005108296	0	0.0025541479	0	0.0052615447	0	0	0	0	0	0	0	0.0381078872	0.006129955	0	0	0.0018900695	0	0	0	0.0009194933	0.0525132816	0	0	0	0	0	0	0	0	0	0	0	0.0018389865	0	0.0009194933	0.0006129955	0	0	0	0.0007151614	0	0.0015324888	0.0030649775	0.009910094	0	0.0006129955	0	0	0	0	0.0063853698	0	0	0	0	0	0.0009194933	0.0132304863	0	0	0	0	0.0007662444	0	0.0046996322	0	0	0	0	0	0	0	0	0	0	0	0	0.0003064978	0.001277074	0	0	0	0	0	0	0	0	0	0	0	0	0	0.003729056	0	0	0.0038312219	0	0	0.6176951369	0	0	0.0004086637	0	0	0	0	0.0002554148	0.0029117286	0	0	0	0	0	0.0010216592	0.001225991	0	0.0004086637	0	0	0	0	0	0	0
AK_SW_14	0	0	0.002337281	0.0008681328	0	0	0	0	0	0	0	0	0	0	0	0.017563	0.005676253	0	0	0	0	0.002114683	0.0007568338	0	0.0003116374	0.001446888	0	0.0004451963	0.0003561571	0.004051287	0	0	0	0	0.0007568338	0	0	0	0	0.00242632	0	0.0003116374	0	0.003984507	0.000601015	0.0005564954	0	0	0.002003383	0	0	0.00122429	0	0.03739649	0.006188229	0	0.001914344	0	0	0.001001692	0	0.02550975	0.03194284	0.0002003383	0	0	0	0	0	0.001892084	0.0008903927	0	0.000601015	0	0.002181462	0	0.00122429	0.006165969	0	0	0	0.001090731	0.0004674561	0.0005342356	0.003517051	0.004429703	0	0	0	0.004963939	0	0.0009349123	0	0	0.0002003383	0	0	0	0.02818093	0	0	0	0.000244858	0.0007345739	0.0005564954	0	0	0	0	0.0001112991	0	0.0004006767	0.005164277	0	0	0.0005342356	0.000601015	0	8.903927e-05	0	0	0	0	0	0	0	0	0.008926186	0.004763601	0	0	0	0.01990028	0.0004451963	0.006366308	0	0	0.00362835	0	0	0.2337058	0	0	0.0001558187	4.451963e-05	0	0	0	0.07399163	0.009082005	0.0007790936	0	0	0.3781498	0	0.01317781	0.002693438	0	0.01384561	0.003405752	0	0.002047903	0	0	0	0.00723444
AK_SW_2	0	0	0	0	0	0	0	0	0	0	0	0	0	0	0	0.1392608463	0	0	0	0	0	0	0	0	0.0008926977	0.0046420282	0	0	0	0	0	0	0	0	0	0	0	0	0	0.0060703446	0	0	0	0.000803428	0	0	0	0	0	0	0	0	0	0.0162470987	0	0	0	0	0	0	0	0.0009819675	0.0098196751	0	0	0	0	0	0	0.0016961257	0	0	0	0	0.007498661	0	0.0022317443	0.000803428	0	0	0	0	0	0.0038386002	0	0.0031244421	0	0	0	0.0070523121	0	0.0010712373	0	0	0	0	0	0	0.0374933048	0.0034815212	0	0	0.0012497768	0	0	0	0	0	0	0	0	0	0	0	0	0	0	0	0	0	0	0	0.0004463489	0	0	0	0	0	0	0	0	0	0.0049098375	0.0011605071	0.0046420282	0	0	0.0015175861	0	0	0.564184967	0	0	0	0.0003570791	0	0.0067845028	0	0.1562221032	0.0057132655	0	0	0	0	0.0007141582	0.0023210141	0	0	0.0018746652	0	0	0	0	0	0	0.0008926977
AK_SW_3	0	0	0.0008531781	0	0.000238388	0	0	0	0	0	0	0	0	0	0	0.09179192	0	0	0	0	0	0.0001380141	0.0003262152	0	0.001016286	0.0004140423	0	0.006963439	0	0.0006524303	0	0.0003136684	0	0	0.0004140423	0	0	0	0	0.001605982	0	0.0007653509	0	0.001342501	0	6.273368e-05	0	0	0.0005520564	0	0	0.0003764021	0	0.007013626	0.002333693	0	0.001367594	0.0002509347	0	0	0	0.005068882	0.0167248	0	0	7.528042e-05	0	0	0	0	0	0	0	0	0.001242127	0	0.00234624	0.0007277107	0	0	0	0.000953552	0	0.0009911922	0.0002634815	0.002195679	0	0	7.528042e-05	0.0004391358	0	0	0.001756543	0	0.0001254674	0	0	0	0.01973602	0.001367594	0	0	0	0	0.0009911922	0	0.001631076	0.0007402575	0	0	0	0.000426589	0.0008029911	0	0	0	0.0001380141	0	0	0	0	0	0	0	0	0	0	0	0	0	0	0	0.0001003739	0.0008155379	0.005282176	8.782716e-05	0	0.00126722	0	0	0.4157863	0	0	5.018695e-05	6.273368e-05	0	0.0009786455	0	0.3797897	0.002358786	0.0003513086	0	0	0	0.001028832	0.01140498	0.0008406314	0.0001505608	0.001204487	8.782716e-05	0.0004391358	0.0003011217	0	0	0	0
AK_SW_4	0	0	0.0230072207	0.0040351126	0	0	0	0	0	0	0	0	0	0	0	0.1119212799	0	0	0	0	0	0.0002123743	0	0	0	0	0	0.000637123	0	0.0019113691	0	0.0030440323	0	0	0	0	0	0	0	0.0053801501	0	0.0009910803	0	0	0	0.0016989948	0	0	0.0204587286	0	0	0.0007787059	0	0.0128840436	0.0040351126	0	0	0.0010618717	0	0.0007079145	0	0	0.1412289395	0	0	0	0	0	0	0	0	0	0	0	0.0011326632	0	0.0016282033	0.002052952	0	0	0	0.0060172731	0	0	0.0024777007	0.008848931	0	0	0	0.0092028883	0	0	0.0081410166	0	0	0	0	0	0.033625938	0	0	0	0	0.0017697862	0.0016989948	0	0	0	0	0	0	0.0023361178	0	0	0	0	0	0	0	0.0003539572	0	0	0	0	0	0	0	0	0	0	0	0	0.0051677757	0.0018405777	0.0157157015	0	0	0.0038935297	0	0	0.478691774	0	0	0.0012034546	0	0	0.0021237435	0	0.0469347303	0.0073623106	0	0	0	0	0	0.0089197225	0.0029732408	0	0	0.004743027	0.000637123	0.0010618717	0	0	0	0.0054509415
AK_SW_5	0	0	0.005587294	0.001443907	0.030479	0	0	0	0	0	0	0	0	0	0	0.01020152	0.002134472	0.001946136	0.03440266	0	0	0	0.0002511143	0	0	0.07819072	0	0.000973068	0.001004457	0.0006277858	0	0	0	0	0	0	0.001286961	0	0	0.01660493	0	0.007156758	0	0.0004708393	0	0.0007219537	0	0	0.001286961	0	0	0.01663632	0	0.05348735	0.001851968	6.277858e-05	0	0.001820579	0	0.0004080608	0	0.001726411	0.02219223	0	0	0.0006905644	0	0	0	0	0	0	0	0	0	0	0.0003766715	0.00266809	0	0	0	0.001255572	0	0	0.001349739	0.001443907	0	0.00131835	0	0.0483709	0	0	0.003703936	0	0	0	0	0	0	0.0004394501	0	0	0.0003766715	0	0	0	0	0	0	0	0	0.001035847	0.001820579	0.000973068	0	0	0	0	0	0.002950593	0	0.002573922	0	0	0.0006277858	0	0	0	0	0	0	0	0	0.0004394501	0.01773495	0	0	0.004488668	0	0	0.4539833	0	0	0	0	0	0.0007219537	0	0.05424069	0.001600854	0	0	0	0	9.416787e-05	0.08346412	0.009102894	0	0.007596208	0.0004394501	0.0005336179	0	0.0006277858	0	0	0
AK_SW_7	0	0	0.00978161	0	8.753118e-05	0	0	0	0	0	0	0	0	0	0.000109414	0.05503523	0	0	0	0	0	0.0005470699	0	0	0	0.0008753118	0	0.01827213	0	0.002144514	0	0.0008753118	0	0	0	0	0	0	0	0.01039433	0	0.0001750624	0	0.01100705	0.0002625935	0.004682918	0	0	0.008271697	0	0	0	0	0.02481509	0.007790275	0	0	0.001444265	0	0.0006346011	0	0.0007221323	0.09560593	0	0	0	0	0	0	0.0002844763	0.0004376559	0	0.001444265	0	0.001356733	0	0.003304302	0.008468642	0	0.0003063591	0	0.002910412	0	0.0007658979	0.004420325	0.02306447	0	0	0	0.004004552	0	0	0.005995886	0	0	0	0	0	0	0.001684975	0	0	0	0	0.003326185	0	0.0006783667	0.002341459	0	0	0	0.0006127183	0.0002625935	4.376559e-05	0	0	0	0	0	0.0002844763	0	0	0	0	0	0	0	0	0	0	0	0	0	0.00258217	0.01159788	0	0	0.002407108	0	0	0.5917546	0.0004376559	0	0.0004595387	0.0001750624	0	0	0	0.04245262	0.001969452	0	0	0	0	0	0.0008096634	0.001225437	0.0003282419	0.002604053	0.0005689527	0	0.003326185	0	0	0	0.01776883
AK_SW_8	0	0	0.00722036	0	0	0	0	0	0	0	0	0	0	0	5.950846e-05	0.03943427	0	0	0.00180509	0	0	0	0	0	0	0.01680122	0	0.01882451	7.934461e-05	0	0	0	0	0	0	0.0005752484	0	0	0	0.01438121	0	0.0002181977	0	0	0.0003173785	0.02757225	0	0	0.00283657	0	0	0	0	0.01813024	0.003649852	0	0	0.003570508	0	0.002281158	0	0.001329022	0.1470057	0	0	0	7.934461e-05	0	0	0	0	0	0.00128935	0.0001785254	0.001368695	0	0.001229842	0	0	0	0	0.0003372146	0	0	0	0.005197072	0	0.0004562315	0	0.001388531	0	0	0.006506258	0	0	0	0	0	0	0.005970682	0	0	0	0	0	0.0002181977	0	0	0	0	0	0.0003967231	0	0.0004562315	0	0	0	0	0	0.0005355761	0.0006149208	0.0001586892	0	0	0	0	0	0	0	0	0	0	0	0	0.01697975	0	0	0.002876242	0	0	0.6389027	0	0	0.0004165592	0	0	0.0003570508	0	0	0.002499355	0	0	0	0	0.0003372146	0.002539028	0.002241485	3.967231e-05	0.0003372146	0	0	0	0	0	0	0
AK_SW_9	0	0	0.0040525011	0.0004536382	0	0	0	0	0	0	0	0	0	0	0	0.0290630859	0	0	0	0	0	0	0	0	0	0.0005746084	0	0.007711849	0	0.000332668	0	0	0	0	0	0	0	0	0	0.0099800399	0	0	0	0	0.0002721829	0.0158470937	0	0	0.0011189742	0	0	0	0	0.0350208674	0.003659348	0	0.0002721829	0.0015726124	0	0.0082864574	0	0.0006048509	0.0445775116	0	0	0	0	0	0	0	0	0.0001209702	0	0	0.0012097018	0	0.0099800399	0.0034476502	0	0	0	0	0	0	0.003992016	0.0082562148	0	0	0	0.0021774633	0	0	0.0041129861	0	0	0	0	0	0.0380753644	0.0060787516	0	0	0.0009375189	0	0.0032057098	0.0022681909	0	0	0	0	0	0.0006955785	0	0	0	0	0	0	0	0.0004233956	0	0	0	0	0	0	0	0	0	0	0	0	0	0.0005141233	0.0045061392	0	0	0	0	0	0.5577632614	0	0	0	0	0	0	0	0.1802153269	0.0064719047	0	0	0	0	0	0.0011189742	0.0004233956	0	0	0	0	0.0006048509	0	0	0	0
AK_SG_20	0	0	0.002156732	0.0004727085	0	0	0	0	0	0.0002511264	0	0	0	0.0001477214	0	0.0170175	0.0004431642	0	0.0008567841	0	0	0	0	0	0.0009897334	0.03664968	0	0.000635202	0.0005022528	0.0009897334	0	0	0	0	0	0	0	0	0	0	0	0.0009306448	0	0.0007976955	0.0001772657	0.0006499741	0	0	0.0007533791	0	0	0	0	0	0.002466947	0	0	0	0	0	0	0.01932196	0.0632543	0	0	0	0	0	0	0	0.0003840756	0	0	0	0.001846517	0	0.0008124677	0	0.0001624935	0	0	0.0002363542	0	0.005495236	0.0009749612	0.0003249871	0	0.00020681	0	0.03985523	0	0	0.000738607	0	0	0	0	0	0.007223576	0	0	0	0	0	0.001551075	0.0002511264	0	0	0	0.002452175	0.0004136199	0.00020681	0	0.0004874806	0	0	0	0	0	0.0006795184	0	0	0.0004283921	0	0.09238496	0	0	0	0	0	0	0	0	0.001698796	0.005864539	0	0	0.005081616	0	0	0.4882635	0	0	0	0	0	0.0002363542	0	0.1848438	0.0009454169	0	0	0	0	5.908856e-05	0.004106655	0.0006204299	0.0001329493	0.001181771	0	0	0.0003840756	0	0	0	0
AK_SG_22	0.0007662649	0	0.003612392	0.001556856	0.002116351	0	0	0	0.00132576	0.0006081467	0	0	0	0	6.081467e-05	0.06858679	0	0	0.0003162363	0	0	0.004719219	0.0002919104	0.0009487089	0	0.04250946	0.0001094664	0.0001581182	0	0.005546298	0	0	0.000194607	0.0003040734	0.00161767	0.002274469	0	0	0	0.001374412	0	0.005497646	0	0.00285829	0.0007541019	0.0001581182	0	0	0.004050257	0	0.0001094664	0.001082501	0	0.002189328	0.005740905	0	0.002809638	0	0.0006689614	0.002128514	0	0.0007905908	0.09361811	0.0003405622	0	0	0.0001337923	2.432587e-05	0	0.001629833	0.001593344	0.00468273	0.0004986803	0	0.001751463	0	0	0.01042364	0	0.000182444	0	0	0.0003892139	0.001459552	0.005546298	0.0001581182	0.0001094664	0.002371772	0	0.01807412	0	0.0014109	0.002894778	0	0.0004865174	0	0	0	0.01354951	0	0	0	0	0.001459552	0.004548938	0	0	0	0	0	7.297761e-05	0.0001337923	0.001155479	0.0006567985	0	0	0.0002310958	0	0	0.0004135398	0	0	0	0.0002675846	0.006628799	0	0.0004378656	0.0007297761	0	0	0	0	0	0.001958232	0.008392425	0	0.1390588	0.002493402	0	0	0.4568277	0.000182444	0	0	0.000194607	0	0.00132576	0.001240619	0.0005473321	0.006458518	0.0003527251	0	0	0	0.0004500286	0.01508204	0.004330005	0	0.01480229	0.0001337923	0	0.0002675846	0	0	0	0
AK_SG_28	0	0	0.004541289	0.004683841	0	0	0	0	0	0	0	0.0001425517	0.002301191	0	0.0001221871	0.04522961	0.0002036452	0	0	0	0	0.0001018226	0.0001629162	0.01252418	0.0006720293	0.0005905712	0	0.0008960391	0	0.00193463	0.0001018226	0	0	0	0.00472457	0	0	0	0	0.08978719	0	0.0007127584	0	0.00215864	0.0001629162	0.000814581	0	0	0.001384788	0	4.072905e-05	0.0002036452	0	0.03211486	0.001832807	0	0.0005091131	0	0	0	0	0.001669891	0.1073821	0	0	0	0	0	0	0.001242236	0.0008960391	0	0.0003054679	0	0.003482334	0.0001425517	0	0.003176866	0	0	0	0.0002036452	0	0.002545566	0.004704205	0.005091131	0.0001221871	0.000386926	0.002199369	0.00342124	0	0.001853172	0.003767437	0	0	0	0	0	0.031341	0.001893901	0	0.025028	0	0.000814581	0.006618471	0	0.0002036452	0.005152225	0	0	0	0	0.0004480195	0	0	0	0	0	0	0	0	0	0.0001221871	0	0.001466246	0	0	0.004826392	0.000427655	0	0	0	0.001058955	0.003482334	0.01130231	0	0.01541595	0.0006516648	0	0	0.4103248	0.0001832807	0	0.0003258324	0	0	0.006516648	0	0.09451176	0.00598717	0	0	0	0	0	0.005070767	0.001120049	0	0.001344059	0.0001629162	0	0	0	0	0	0.01295184
AK_SG_29	0	0	0.006130385	0.01529137	0.0007472704	0	0	0	0.0003182818	0	0	0	0	0.0001798984	0.0004981803	0.09336728	0.0001245451	0	0	0	0	0.001369996	0.0002629285	0.001383834	0.001771308	0.002269488	0	0.0002214134	0	0.004566652	6.91917e-05	0.001688278	0	0	0.0009410072	0	0	0	0	0.005659881	0	0.007223614	0	0.003348878	0.0003736352	0.000650402	0	0	0.002366356	0	0	0.0005535336	0	0.005369276	0.006061193	0	0.007832501	0.0009686838	0	0.005493821	5.535336e-05	0	0.05088358	0	0	0	0.0001522217	2.767668e-05	0	0.0026708	0.0008718155	0	0	0	0.001466864	0	0	0.004511299	0	0	0	0	0.0001383834	0.0006642403	0.00592281	0.004995641	0	0.0009548455	0	0.02641739	0	0.003293525	0.004331401	0	0.0003321202	0	0	0	0.02535184	0	0	0.001369996	0.001563732	0.0008441388	0.007292805	0	0	0	0	0.0003874735	0	0.0007611087	0.001217774	0	0	0	0.0003044435	0	0.0002629285	0	0	0	0.0001522217	0.0003597969	0.007666441	0	0.0003459585	0	0.007126745	0	0	0	0.001882014	0.001715954	0.02656961	0	0.04512683	0.005770588	0	0	0.2760749	0.0002075751	0	0	0	0	0.0003459585	0	0.2714667	0.009410072	0.0002767668	0	0	0	0.0008856538	0.00875967	0.002048074	0	0.007929369	0	0.0001245451	0	0	0	0	0.001605247
AK_SG_8	0	0	0.0026538558	0.0033318482	0	0	0	0.0002711969	0.0024020301	0	0	0	0	0.0001743409	0.0002905682	0.0964105147	0	0	0.0002324545	0	0	0	0	0	0.0234004223	0.0020339771	0	0.0006586212	0	0.0072254615	0	0	0	0.0032737346	0.0029250528	0	0	0	0.0004649091	0.0184607636	0	0.0112353021	0	0.0023826589	0.0010847878	0.0036030452	0	0	0.0116227263	0	0	0	0	0.0411638223	0.0068767797	0	0	0.0008135908	0	0.0008135908	0	0.0006005075	0.0266160432	0	0	0.0006779924	0	0	0	0.003777386	0.0007748484	0.0002130833	0	0	0.0073223176	0	0	0.0090269841	0	0	0	0	0	0.0006198787	0.0064506131	0.0007748484	0.0002518257	0	0.0024214013	0.0095306356	0	0	0.0068767797	0	0.0006779924	0	0	0	0.0341708153	0.0006392499	0	0.0011816438	0	0	0.0027700831	0	0.0009491893	0.0031187649	0	0.0026925983	0	0.0011235302	0.0040098406	0	0	0	0.0004455378	0	0	0.0004842803	0	0	0.0006005075	0	0	0	0	0.0155938245	0	0	0	0	0.0020920907	0.0025376286	0.0191193848	0.0001162273	0	0.0069348934	0	0	0.3880828313	0.0004649091	0	0.0002905682	0	0	0.0004261666	0	0.1153168161	0.0163493017	0	0	0	0	0.0009298181	0.0345001259	0.0036611588	0.0013366135	0.0173178622	0.0006586212	0.0004067954	0	0	0	0	0.0012591287
AK_SK_1	0	0	0	0	0	0	0	0	0	0	0	0	0	0	0.000248712	0.01835139	0.0001421212	0	0	0.0004796589	0	0	0	0	0.0009948481	0.0003197726	0	0.110286	0	0.001847575	0	0	0	0	0	0	0	0	0	0.007408065	0	0.000373068	0	0.0004085983	0.0008882572	0.006253331	0	0	0.004210339	0	0	0	0	0.01993249	0.002949014	0	0	0.0004974241	0	0	0	0.01019719	0.02810446	0.0002131817	0	0	5.329543e-05	0	0	0	0.000248712	0	0.0004441286	0	0.001048144	0	0.0004974241	0.003783976	0	0	0	0.0005507195	0	0.004583407	0.001083674	0.001989696	0	0	0.001314621	0.001136969	0	0	0.002984544	0	0	0.004192574	0.0007461361	0	0.01399893	0.06523361	0.001101439	0.000248712	0	0	0	0	0.09033576	0.0003553029	0	0	0	0	0.0003553029	0	0	0.0004796589	0	0	0	0	0	0	0.001332386	0	0	0	0	0	0	0	0	0	0.006200036	0.0003375378	0.001438977	0	0	0.002131817	0	0	0.5582341	0.0003553029	0	0.0005507195	0.0001954166	0	0.006253331	0	0.002824658	0.003712915	0	0	0	0	5.329543e-05	0.001456742	0.002238408	0.001403446	0.0001421212	0	0	0.0002664772	0	0	0	0
AK_SK_10	0	0.024504707	0	0	0	0	0	0	0	0.0870029507	0	0.0001405086	0	0.0003372207	0	0	0	0.0057327526	0.0020514262	0	0	0	0	0	0.0043838696	0.4562034565	0	0.000309119	0.0004496277	0.0014050864	0	0	0	0	0	0	0	0	0	0	0	0	0	0.0008711536	0	0	0	0	0.0070254321	0	0	0	0	0	0.0196150063	0.0006463397	0	0.0118589293	0	0	0	0.2021076296	0.0009835605	0	0	0	0	0	0.0030068849	0	0	0.0827876914	0	0.0002810173	0	0	0.001967121	0	0	0	0.0021919348	0	0	0.0092173669	0.000927357	0	0	0	0	0	0	0	0.0014893916	0	0	0	0.0092173669	0	0	0	0.0001405086	0	0	0	0	0	0	0	0	0	0	0	0	0	0	0	0	0	0	0.0212730083	0	0	0	0	0	0	0	0	0	0	0	0	0	0.0016861037	0	0	0	0	0	0	0.001236476	0	0	0	0	0	0.0028663763	0	0	0.0282141352	0	0.0064633975	0	0	0	0	0	0	0	0	0	0.0014050864	0	0	0	0
AK_SK_11	0	0	0.002315163	0	0	0	0	0	0	0	0	0	0	0	0	0.07016146	0	0	0	0	0	0	0	0	0	0.002675967	0	0.157416	0	0.002826303	0	0	0	0	0	0	0	0	0	0.0183409	0	9.020115e-05	0	0.0008418774	0.0008118103	0.004555158	0	0	0.00861421	0	0	0	0	0.008794612	0.0052016	0	0	0.0007667098	0	4.510057e-05	0	0.007531796	0.07432575	0	0	0	0	0	0	0.0004510057	0.001428185	6.01341e-05	0.0001804023	0	0.002435431	0.0003908716	0.003006705	0.006434349	0	0.0001804023	0	0	0	0.003036772	0.00234523	0.00153342	9.020115e-05	0	0	0.001443218	0	0	0.003848582	0	0.0001503352	0.0002255029	0.002375297	0	0.00917045	0.04496527	0	0.0009621456	0	0	0.009666556	0	0	0.002179861	0	0	0	0.0002104693	0.0003307375	0	0.007937701	0	0	0	0	4.510057e-05	0	0	0.0002104693	0	0	0	0	0	0	0	0	0	0	0.001608587	0.004028985	0	0	0.003788448	0	0	0.5061788	0.0002104693	0	0.002224962	0	0	0.002029526	0	0	0.003623079	0	0	0	0	0.0008569109	0.0008719444	0.001097447	0	0	0	0	0.002871403	0	0	0	0
AK_SK_12	0	0	0	0	0	0	0	0	0	0	0	0	0	0	0	0.0920553816	0	0	0	0	0	0	0	0	0.0017306741	0.0005356849	0	0.1689055546	0	0.0016894676	0	0	0	0	0	0	0	0	0	0.0337069392	0	0.0011949893	0	0.0066754574	0	0	0	0	0.0135981539	0	0	0	0	0.0220866985	0.0057277073	0	0	0	0	0	0	0.0009477501	0.0360557112	0	0	0	0	0	0	0	0.0011125762	0	0	0	0.0016482611	0	0.0005356849	0.0016894676	0	0	0	0	0	0	0.0025960112	0.0049447833	0	0	0	0.0056452942	0	0	0.0084473381	0	0	0.0041206527	0	0.0005768914	0.0053980551	0.125391462	0.0012774023	0	0	0	0	0	0.0310697214	0	0	0.0011125762	0	0.000782924	0.0002472392	0	0	0.0023899786	0	0	0	0	0	0	0	0	0	0	0	0	0	0	0	0	0	0.0023075655	0.0024723916	0	0	0.0044090984	0	0	0.3865584309	0	0	0.0002472392	0.0005356849	0	0.0086121642	0	0.0004944783	0	0	0	0	0	0	0.0084061315	0.0020603264	0	0	0	0	0	0	0	0	0
AK_SK_13	0	0	0.001417925	0.004731913	0	0	0	0	0	0.00191255	0	0	0	0	0.00019785	0.03437644	0.00032975	0	0	0.0002802875	0	0	0	0	0.002324738	0.0110796	9.892501e-05	0.02552265	0	0	0	0.0007914001	0	0.0269076	0.03586032	0	0.003462376	0	0	0.02463233	8.243751e-05	0.001203588	0	0.006347688	0.000230825	0.009051639	0	0	0.005605751	0	0	0.0004286751	0	0.01676779	0.004748401	0	0	0.0005605751	0	0	0.000296775	0.001632263	0.02064235	0	0	0.0003132625	0.0001813625	0	0	0.002225813	0.0002143375	0	0.0002638	0	0.003825101	0	0.001434413	0.0006759876	0	0	0	0.0006265251	0	0	0.0010552	0.004435138	0	0.0002638	0.0029018	0.008144826	0	0	0.003792126	0	0.0002802875	0.00191255	0	6.595001e-05	0.05129262	0.04720372	0	0	0	0.0003627251	0.003330475	0	0.01416276	0.003478863	0	0	0	0	0.001533338	8.243751e-05	0.00032975	0.00138495	0.000164875	0	0	9.892501e-05	0	0	0.001467388	0	0.0003132625	0	0	0	0	0	0	0	0.004237288	0.001434413	0.0299413	0	0.0001154125	0.009991426	0	0	0.4232177	0.000296775	0.0002473125	0.00032975	0.0009892501	0	0.0008738376	0	0.1067896	0.009331926	0	0	0	0	0.0001813625	0.005028688	0.001764163	0.0001154125	0.002192838	0.0003132625	0.000230825	0.00125305	0	0	0	0.00178065
AK_SK_15	0	0	0.001706074	0.006649314	0.0005249459	0	0.0003937094	0.0002406002	0.003740239	0	0	0.0001968547	0	0.002537238	0.0003937094	0.1111792	0.0007874188	0	0.0003062184	0	0	0.000940528	0	0	0	0.00358713	0	0.01491721	0.0003062184	0.01489534	0	0	0	0.003084057	0.005796277	0	0	0	0	0.06194361	0.0001312365	0.004112076	0	0.0005905641	0.002121656	0.01349548	0	0	0.01402043	0	0	0.0009186553	0	0.04147072	0.03027188	0	0	0.006780551	0	0.0007218006	0	0	0.04015836	0.0008092915	0	0.0003718367	0.0003280912	0	0	0.0006780551	0.00111551	0	0.0009842735	0	0.003958967	0	0	0	8.749098e-05	0	0	0	0.0003937094	0	0.01808876	0.00853037	0.0002624729	0.0009842735	0	0.02228833	0	0	0.01126446	0	0.004483913	0.001793565	0	0	0.02152278	0.02384129	0	0	0	0.0005686914	0.002165402	0	0	0	0	0	0	0	0.001465474	0.0002187274	0	0	0.0003937094	0	0	0.000853037	0	0	0.0002406002	0.0004155821	0	0	0	0	0.002537238	0	0	0.0001093637	0.004287058	0.0003937094	0.02430062	0	0	0.004243312	0	0	0.3862727	0.0009624008	0.00174982	0.002821584	0	0	0.01342987	0	0	0.02080098	0	0	0	0	0	0.01189877	0.004374549	0	0.002012292	0	0.0003718367	0	0	0.000174982	0	0.00223102
AK_SK_17	0	0	0.0008938634	7.772726e-05	0	0	0	0	0	0	0	0	0	0	0	0.01311647	0	0	9.715907e-05	0	0	0	0	0	0.02671874	0.0007384089	0.0001360227	0.02201624	0	0.001204772	0	0	0	0	0	0	0.001612841	0	0	0.06715635	0	0.0006606817	0	0	0.0002720454	0.01418522	0	0	0.0021375	0	0	0	0	0.01816875	0.003633749	0	0	0.003011931	0	0	0	0.0005635226	0.04587851	0	0	0	0	0	0	0	0	0	0	0	0.00149625	0	0.0001748863	0.001029886	0	9.715907e-05	0	0	0	0	0.005402044	0	0	0.0002914772	0	0.01115386	0	0	0.005207726	0	0.0003497726	0	0	0	0.01408806	0.003147954	0	0	0	0	0.002603863	0	0.01228091	0	0	0	0	0	0.003167386	0	0	0	0	0	0	0	0	0	0.000621818	0	0	0	0	0	0	0	0	0	0	0.0003692045	0	0	0	0.0007772726	0	0	0.5666317	0.0001943181	0	0	0.0004274999	0	0.001224204	0	0.1262679	0.01673079	0.0001165909	0	0	0	0.0002331818	0.001982045	0.001185341	0	0.0001943181	0	0	0.0002720454	0	0	0	0
AK_SK_19	0	0	0	0	0.0003047542	0	0	0	0	0.001073896	0	0	0	0	0.0002467058	0.005601672	0.0005369478	0	0	0.001465722	0.00027573	0	0.001262553	0	0	0.004368143	0	0.05109711	0	0.003947292	0	0	0	0	0	0	0	2.902421e-05	8.707262e-05	0.005978986	0	0.0008707262	0	0.0001886573	0.001291577	0.0095925	0	0	0.01118883	0	0	0	0	0.02327741	0.01549893	0	0	0.000420851	0.001146456	0	0.000145121	0.1598073	0.02366924	0	0	0.0006385325	5.804841e-05	0	0	0.0007836536	0.0001886573	0	0.0002031694	0.0005369478	0.001552795	0	0.0009432867	0.003526441	0	0.0001160968	0	0.0001886573	0.000420851	0	0.002394497	0	8.707262e-05	0	0.0008126778	0.003773147	0	0	0.003744123	0	0.004585825	0	0	0	0.0649852	0.09959656	0.005151797	0	0	0.0004934115	0.001189992	0	0	0.002452545	0.001523771	0	0	0.0002031694	0.0001306089	4.353631e-05	0.01210309	0.001610843	0	0	0	0	0	0	0.001683404	0	0	0	0	0.0005949962	0.0006385325	0	0	0	0.00428107	0.0004643873	0	0	0	0.0005804841	0	0.0001886573	0.3757329	0.0005949962	0	0.001146456	0.0005514599	0	0.0005369478	0	0	0.06650897	7.256052e-05	0	0	0	7.256052e-05	0.005572648	0.001117432	0.000145121	0.002104255	0	0	0	0	0	0	0
AK_SK_25	0	0	0.004985822	0.002173913	0.002173913	0	0	0	0.002575614	0	0	0	0	0	0.001677694	0.03634216	0.0005907372	0	0	0	0	0	0	0	0.002551985	0.02318053	0	0.2560728	4.725898e-05	0.005907372	0	0	0.0003308129	0	0	0	0	0.002079395	0.0006852552	0.02700851	0	0.01916352	0.004040643	0.0008979206	0.001039698	0.03026938	0	0	0.008246692	0.002693762	0	0.001583176	0.0001654064	0.01242911	0.006899811	0	0	0	0	0	0	0.0003308129	0.02937146	0	0	0.001913989	0.0005671078	0	0	0	0.002528355	7.088847e-05	0	0	0.01387051	0	0.0005434783	0.02783554	0	0	0	0	0.0005198488	0	0.0009451796	0.001323251	0	0.001724953	0.01188563	0.002882798	0.0009215501	0	0.003804348	0	0.0001890359	0	0.003969754	0	0.004087902	0.02133743	0	0	0	0.00137051	0.008577505	0	0.03426276	0	0.0004725898	0.008104915	0	0	0.008364839	0	0.06717864	0.008364839	0	0.0007325142	0.001275992	0	0	0	0.00971172	0.0001890359	0.0001181474	0	0.003189981	0.0009215501	0.0003071834	0.002551985	0	0	0.03239603	0	0.002079395	0	0	0.009829868	0	0	0.08180529	0.0008034026	0	0.001016068	0.006190926	0	0.01694234	0	0.006049149	0.0003308129	0	0	0.0004962193	0.004962193	0	0.06869093	0.003048204	0.00418242	0.01162571	0	0.004395085	0	0.0002362949	0.002717391	0	7.088847e-05
AK_SK_30	0	0	0	0.007344898	0	0	0	0	0	0	0	0.001775846	0	0	7.103383e-05	0.02690761	0	0	0	0	0	0	0	0	0.1510889	0	0	0.06988308	0.0004404097	0.002031567	0	0	0.0002273082	0	0	0	0	0	0.0002273082	0.02243248	0	0.001562744	0	0	0.0007671653	0.01183424	0	0	0.02862663	0	0.0002131015	0	0	0.01578372	0.001662192	0	0	0.0001704812	0	0	0.000241515	0.006549319	0.06302121	0	0	0.001264402	0.0002983421	0	0	0	0.0004546165	0	0.0003409624	0	0.002301496	0.0003977894	0.0001846879	0.001179162	0	0.0001136541	0	0	0	0.1084118	0.001307022	0	0.0001278609	0.0001846879	0.0001136541	0.004446718	0	0	0.006250977	0	0.0002273082	0.00193212	0	0.0001278609	0.006293597	0.001221782	0	0	0	0.00144909	0	0	0.01774425	0.001463297	0	0.001733225	0	0	0.0006535112	0	0.001051301	0.002713492	0.0009376465	0	0	0	0	0.0001136541	0.004460924	0.0003409624	0	0	0.0002557218	0.0003267556	0	0	0	0	0.005469605	0	0.001548537	0	0	0.0142778	0	0.0005682706	0.3140405	9.944736e-05	0	0.00096606	0.0003835827	4.26203e-05	0.03224936	0.0003125488	0	0.006037875	0	0	0	0	0	0.01636619	0.002784526	0.009916322	0.007714274	0	0.0001420677	0.003793206	0	0	0	0
AK_SK_32	0	0.0017232491	0.1328374696	0	0	0	0	0	0	0.0042860299	0	0	0	0	0	0.0126666176	0	0	0	0	0	0	0.0018558068	0	0	0.3607776714	0	0.2861035422	0	0.0006333309	0	0	0	0	0	0	0	0	0	0	0	0	0.0002945725	0.0014581339	0	0.0130642904	0	0	0.000824803	0	0	0	0	0	0.0055674203	0	0	0.003652699	0.0012372045	0	0	0.0073643125	0.0846159511	0.0002062008	0	0	0.000117829	0	0.0023418514	0	0.0041534723	0	0	0.0001472863	0	0	0.0001472863	0	0	0.0004418588	0.0026953384	0.0043891303	0	0	0.0017968923	0	0	0	0	0.001413948	0	0	0.0059209073	0	0	0	0.0006922454	0	0	0.0108991826	0	0	0	0	0	0.0020178216	0	0	0	0	0	0.0002209294	0	0	0	0	0	0	0	0.0009279034	0	0.0047278887	0	0	0.0005155019	0	0	0	0	0	0	0	0	0	0.0267177259	0	0	0	0.0007953458	0	0	0	0	0.000353487	0	0	0.0019589071	0	0	0.0025333235	0	0	0	0	0	0.0008984461	0.0004860446	0	0	0	0	0.0020472789	0	0.0014728625	0	0
AK_SK_33	0	0	0.002166164	0	0.003893611	4.11297e-05	0	0	0.0002467782	0	0	0.0002604881	0	0.0001233891	0.0001645188	0.051796	0	0	0	0.0003427475	0.000137099	0	0	0	0.004647656	0.0005072662	0	0.2900192	2.74198e-05	0.003646833	0	0	0.0004250069	0	0	0	0	0	0.001535509	0.003057307	0	0.002495202	0	0.001165341	0.001562928	0.0192487	0	0	0.04832739	0	0	0.001823417	0	0.008568687	0.009226762	0	0	0.003221826	0	0	0.0001508089	0.003701673	0.02629559	0.0001233891	0	0.002152454	0.0001508089	0	0	0.0002330683	0.001837126	0	0.0003153277	0	0.002070195	0.0003016178	0.0003975871	0.005250891	0	0.0006580751	0	0	0.0002193584	0.002316973	0.003043597	0.005867837	0.0004661366	0.001096792	0.002906498	0.008500137	4.11297e-05	0	0.008582396	0	0.0006443652	0.002591171	0.0003290376	8.225939e-05	0.0288045	0.02984645	0	9.596929e-05	0	0	0.001658898	0	0.05904853	0.0005483959	0	0.003770222	0	0	0.001823417	0.0006169454	0.001617768	0	0.0004661366	0	0	0	0	0	0.002632301	0	0	0	0.0006443652	0	0	0	0	0	0.005579929	0	0.00139841	8.225939e-05	0	0.0094187	0	0	0.2636002	0.0008225939	0	0.0005758157	0.001919386	0	0.008006581	0	6.854949e-05	0.01436797	0.0004935563	0	0	0	0	0.01531396	0.003249246	0.0007814642	0.002508911	0	0	0.001233891	0	0	0	0
AK_SK_35	0	0	0.002926421	0.008182035	0.0002090301	0	0.0001493072	0.000373268	0.0005225753	0.001672241	0	0	0	0.0009406355	0.002612876	0.01457238	0.0006121596	0	0.0002538223	0.0009257047	0.001015289	0	0.000642021	0	0.01121297	0.04070115	0	0.3244147	0.002657668	0.003583373	0	0	0	0	0	0	0	0.002388915	0	0	0	0.01854396	0	0.001298973	0.002045509	0.02429228	0.0003135452	0	0.009615385	0	0.0001791687	0.0005673674	0	0.03661013	0.01037685	0	0	0.003299689	0	0.00434484	0	0.008794195	0.05549749	0.001075012	0	0.0008510511	0.0003583373	0	0.0001045151	0	0.005076445	0	0.0002836837	0	0.009376493	0	0	0.009092809	7.465361e-05	0.0006868132	0	0.001761825	0.0001343765	0.0002239608	0.005673674	0.01301959	0.0003583373	0.003538581	0	0.002508361	0	0	0.006479933	0	0.0005822981	0	0.0001343765	0	0.003090659	0.05267559	0.001776756	0	0	0	0.005599021	0	0	0.000806259	0	0.006584448	0	0	0.01636407	0.0003135452	0.0004777831	0.003598304	0	0	0.007077162	0.001761825	0	0.001284042	0.03007047	0.0001642379	0	0	0	0	0	0	0	0	0.0007316054	0.0004031295	0.01264632	0	0.0001940994	0.005494505	0.0002836837	0.0001642379	0.07459388	0.00165731	0	0.003702819	0	0	0.001687172	0	5.972289e-05	0.004046226	0	0	0	0	0.0003583373	0.08449295	0.003120521	0	0.0154533	0	0.000537506	0	0.0002388915	0.0007465361	0	0
AK_SK_37	0	0	0.002515235	0.0002249397	0	0	0.002556133	0.0004907775	0	0	0	0	0	0	0	0.03954848	0.001676823	0	0.003006012	0	0	0	0	0	0	0.01887448	0.0001840416	0.2456955	0.002024457	0.01249438	0	0	0	0	0	0	0	0	0.001922212	0.03474296	0	0.005807533	0	0	0.004519243	0.01478467	0	0	0.02116478	0	0.0001226944	0	0	0.01075621	0.02032637	6.134718e-05	0	0.002862869	0	0.0004703284	0	0	0.02893542	0.001002004	0	0.002147151	0.0002453887	0	0	0	0.001779068	0	0.001022453	0	0.00588933	0	0.0002453887	0.0228416	0	0.001247393	0	0	0	0	0.007075375	0.003414993	0	0.0008384115	0	0.01008139	0	0	0.004416997	0	0.002085804	0.0009611059	4.089812e-05	0	0.05030469	0.02122613	0	0	0	0.001390536	0.01382357	0	0.01803607	0	0	0.005930228	0	0	0.005357654	0.0005521247	0	0	0	0	0	0	0	0.0001431434	0	0	0	0	0	0	0	0	0	0	0.03177784	0.0002249397	0.03290254	0	0	0.006605047	0	0.0001226944	0.1738988	0.0004498794	0	0	0	0	0.01067441	0	0	0.01228989	0	0	0	0	0	0.06012024	0.004253405	0.003108257	0.005480348	0	0.0002249397	0	0	0	0	0
AK_SK_38	0	0	0.0007014	0.000406812	0.00014028	0	0	0.000336672	0.001108212	0	0	0	0	0	0.000294588	0.0382263	0	0	0	0.000224448	0	0	0.000182364	0.002132256	0.0003507	0.000462924	0	0.0603204	0	0.002258508	0	0	0	0.001795584	0	0	0	0	0	0.03948882	0	0.002833656	0	0.000154308	0.000462924	0.008009988	0	0	0.02973936	0	8.4168e-05	0.000855708	0	0.023398704	0.006508992	0	0.074965631	0.00028056	0.001837668	0	0.00028056	0.01220436	0.025404708	0	0	0.00042084	0	0	0	0	0.00154308	0	0.000154308	0.000112224	0.004264512	0	0.000757512	0.003324636	0	0.00028056	0	0	0	0.000364728	0.000645288	0.000322644	0	0.000785568	0.002567124	0.002609208	8.4168e-05	0	0.001627248	0	0.000196392	0	0	0	0.022402716	0.001388772	0	0	0	0.001094184	0.002132256	0	0	0.001991976	0	0.00063126	0	0.0003507	0.001458912	0	0	0.000378756	0	0.000112224	0.00014028	7.014e-05	0	0	0.001795584	0	0.000392784	0	0	0	0	0	0	0	0.005456892	0	0.008402772	2.8056e-05	0	0.005695368	0	0	0.370339197	0.00014028	0	0	0.001767528	0	0.094829279	0	0.101422439	0.00519036	0	0	0	0	0	0.010647252	0.002482956	0.000687372	0.002889768	0	0	0.000168336	0	0	0	0
AK_SK_40	0	0	0.0005074548	0.0032622091	0.0008940869	0	0	0	0	0.0006282773	0.0005557838	0.0003383032	0	0	0	0.0533552425	0	0	0.0001449871	0.0002416451	0.0005799483	0	0	0	0.0434236281	0.001933161	0	0.0163593746	0	0.001933161	0	0.002972235	0	0	0.0007007708	0	0	0.0005557838	0	0.0211197835	0.0004832902	0.0058961409	0	0.0024164512	0.0005074548	0.0017156804	0	0	0.0144503782	0	0.0002174806	0	0	0.0188241548	0.0096174758	0	0.0005557838	0.0002658096	0.0027547544	0	0	0.018075055	0.0151269845	0	0	0.0036730058	0	0	0	0.0004832902	0	0	0	0	0.0041804606	0	0	0.0027064253	0	0	0	0	0	0	0	0.0017640094	0	0.0004107967	0.0018606674	0.0079259599	0	0	0.0022714641	0	0	0	0	0	0.0048087379	0.0048812314	0	0	0	0.0031655511	0.0014257062	0	0.0056786603	0	0.0003383032	0.0008457579	0	0	0.0113089916	0	0.0027064253	0.0010149095	0.0007490999	0.0006041128	0	0	0	0	0.0005074548	0	0	0	0.0032622091	0.0003624677	0	0	0	0	0.0384457386	0	0.0014498707	0	0	0.0011357321	0	0	0.2949037044	0.0001691516	0	0	0.0004832902	0	0.0006041128	0	0.2646980644	0.0110673465	0	0	0	0	0	0.0541043424	0.0071768601	0.0025372738	0.0091825146	0	0.0065002537	0	0.0001933161	0	0	0
AK_SK_44	0.0058570431	0	0.0040774031	0.0011038274	0.0075691018	0	0	0.0006983398	0.0009010836	0	0	0	0	0.0012840441	0.0020499651	0.0356829087	0.0024329256	0.0017120588	0	0.0010362461	0	0	0.0001576896	0	0.000495596	0.0065328558	0	0.2355657678	0.0002027438	0.0013966795	0	0	0	0	0.0006307585	0	0	0.0020499651	0.0003829605	0.0223018179	0.0037169697	0.0198013111	0	0	0.0027483048	0.019530986	0	0	0.0077943727	0	0.0002252709	0.0042801469	0.0025680881	0.0260413147	0.0109932193	0	0.001531842	0.0019823838	0	0	0.0010813003	0.0022076547	0.0389493366	0.0005406501	0	0.0029510486	0.0015768962	0	0	0.001013719	0.0010362461	0	0.0011939357	0	0.0038746593	0	0.0009010836	0.0193507693	0	0.0009461377	0	0.0004280147	0.0010362461	0	0.0050911221	0.0087405105	0	0.001261517	0.0091685252	0.0151607308	0	0	0.0062625307	0	0.001013719	0	0	0	0.0058795702	0.0229100493	0	0	0	0.0003153792	0.0010587732	0	0.0582775788	0.0039197135	0	0.0111734361	0	0.0005631772	0.0213782073	0	0	0.0221216012	0.0043477281	0	0	0	0	0	0.0074564664	0	0.0006983398	0	0.0007433939	0.0005406501	0.0002252709	0	0	0	0.0068707621	0	0.0023878714	0	0	0.0145750265	0.0004730689	0	0.0561600324	0.0014192066	0	0.0005406501	0.0022977631	0	0.0002252709	0	0.0605302877	0.0094388502	0.000247798	0	0.0006532856	0.0145750265	0	0.0771778063	0.0034916988	0.0058570431	0.0180892523	0	0.0005631772	0.0011263544	0.0025680881	0	0	0
AK_SK_45	0	0	0	0.0003749118	0.001565808	0	0	0.0002205363	0	0	0	0	0	0	0.0008380381	0.07244619	0	0	0	0	0	6.61609e-05	0	0	0.01257057	8.821454e-05	0	0.2778978	6.61609e-05	0.003815279	0	0	0.0001543754	0	0	0	0	0.0005513409	0.001654023	0.02044372	0	0.01091655	0	0.002646436	0.001676076	0.01007851	0	0	0.01087244	0	0	0.00315367	0	0.02289167	0.01477594	0	0.0024259	0.002337685	0	0	0	0	0.03354358	0.001014467	0	0.00169813	0.0005954481	0	0	0	0.001808398	0	0.0004410727	0	0.003859386	0	0.0003969654	0.01298959	4.410727e-05	0.0009924135	0	0.0003969654	0	0	0.002800812	0.008424488	0	0.0007277699	0.001631969	0.01338656	0	0	0.005932428	0.00121295	0.0009924135	0	0	0	0.004785639	0.02999294	0	0	0	0.0001984827	0.0002866972	0	0.04598183	0.005204658	0	0.001764291	0	0.0003087509	0.008622971	0	0	0.006638144	0.001036521	0	0.0002866972	0	0	0	0.008336274	0	0.0005072336	0	0	0.0005072336	0	0	0	0	0.01477594	0.0001543754	0.008093684	0	0	0.02059809	0	0	0.1182075	0	0	0.0004631263	0.0007277699	0	0.002514114	0	0	0.01062985	0	0	0	0.03687368	0	0.05782463	0.004322512	0.001036521	0.03687368	0.0001323218	0.004587156	0.0003087509	0	0	0	0
AK_SK_48	0	0	0.001187208	0	0	0	0	0	0	0	0	0	0	0	0	0.04437189	0	0	0	0.001113007	0	0	0	0	0.002597017	0	0	0.08074868	0	0.0007976553	0	0	0	0	0	0	0	0	0	0.1059026	0	3.710024e-05	0	0.001298509	0	0.005416636	0	0	0.00307932	0	0	0	0	0.00914521	0.004396379	0	0	0.0009831565	0	0	0	0	0.030348	0	0	0	0	0	0	0	0.0004266528	0	0	0	0.0007049047	0	0.002893819	0.002689768	0	0.0002411516	0	0	0	0.01830897	0.001799362	0.003339022	0	0	0	0.001780812	0	0	0.002559917	0	0	0	0.0007420049	0	0.01624991	0.00907101	0.001855012	0	0	0.0008533056	0.006919196	0	0.02166654	0.00296802	0	0	0	0	0	0	0	0	0	0	0	0	0	0	0.0003710024	0	0	0	0	0.0001669511	0	0	0	0	0	0.00148401	0	0	0	0.0005750538	0	0	0.569396	0	0	0.000760555	0	0	0.001650961	0	0.02374416	0.005194034	0	0	0	0	0	0.001038807	0.0009275061	0	0	0	0	0.0008162054	0	0	0	0.007382949
AK_SK_49.2	0	0	0	0.0004527043	0	0	0	0	0.0004765309	0	0	0	0	0	0.0002859185	0.1096974	0.0007147963	0	0	0	0	0	0	0	0.003597808	0	0	0.01053133	0	0.002335001	0	0	0	0	0.0003335716	0	0	0	0	0.02125328	0	0.0002144389	0	0.005194186	0	0.00509888	0	0	0.02497022	0	0	0	0	0.03109364	0.0112223	0	0	0	0	9.530617e-05	0	0.01277103	0.02344532	0	0	0	0	0	0	0	0.001143674	0	0.0005241839	0	0.00200143	0	0.0001906123	0.002644746	0	0	0	0.0003812247	0	0.07824637	0	0.007052657	0	0.0005241839	0.003716941	0.00517036	0	0	0.002382654	0	0.0003812247	0	0	0	0.05699309	0.01577317	0	0	0	0.002501787	0.0007862759	0	0.009625923	0.009602097	0	0.0003335716	0	0.0002859185	0.003145104	0	0	0.0006671432	0.000262092	0	0	0	0	0	0.0006194901	0	0	0	0.002192042	0.0003812247	0	0	0	0.0003335716	0.003526328	0.000571837	0.011127	0	0	0.003311889	0	0	0.4954253	0	0	0.0003097451	0.0004050512	0	0.0005241839	0	0	0.002668573	0	0	0	0	0.0002382654	0.005908983	0.001786991	0.0002859185	0.001882297	0	0	0	0	0.0003812247	0	0
AK_SK_5	0	0	0.000352908	0.002029221	0.000264681	0	0	0.0002823264	0.0008469791	0	0	0	0	0.000176454	0.0006352343	0.05291855	0	0	0	0.0002117448	0.000441135	0	0.002699746	0	0.0260799	0.0005117165	0	0.1995342	0.0001058724	0.01674548	0	0.0008469791	0.0001058724	0	0	0	0	0.0009881423	0	0.05277739	0	0.00820511	0	0.0004058442	0.003087945	0.02535644	0	0	0.01046372	0.0005646527	0	0	0	0.01138128	0.01459274	0	5.293619e-05	0	0.003070299	0	0.0002823264	0	0.04100791	0.0005470073	0	0.001711604	0.0005117165	0	0	0.002117448	0.00176454	0	0	0	0.01175184	0	0.0003881988	0.02503882	0	0.0002999718	0	0.001005788	0.001023433	0.000352908	0.0004058442	0.000441135	0	0.001323405	0.002999718	0.01231649	0	0	0.004323123	0	0.0001940994	0.002205675	0	0	0.01196358	0.03440853	0	0	0	0.000352908	0.003899633	0	0.0441135	0.003423207	0.0001940994	0.01037549	0	0	0.005770045	0	0	0.003917278	0.0004940711	0	0	0.0001411632	0	0	0.00666996	0.0001058724	0	0	0.004146669	0	0.0001411632	0	0	0	0.01026962	0.0006881705	0.002558583	0	0	0.01787479	0.0001940994	0	0.1361519	0	0	0.0007940429	0.006511152	0	0.01369283	0	0.05404785	0.003440853	0.0005999435	0	0.0004940711	0	0.000176454	0.04616036	0.002046866	0.01254588	0.01222826	0.0002117448	0.0005293619	0.0004587804	0	0.0003352626	0	0.0001235178
AK_SK_8	0	0	0.0033009903	0.0084525358	0.0049764929	0	0	0	0	0	0	0	0	0.0005751726	0.000450135	0.0598429529	0	0	0	0	0.0014004201	0	0.0006501951	0	0.1195608683	0.0160048014	0	0.1855806742	0.00050015	0.0223817145	0	0	0	0	0.0020756227	0	0	0.0004751425	0	0.0549664899	0.0010003001	0.0044013204	0	0.0017755327	0.0008252476	0.0097029109	0	0	0.0031259378	0	0	0	0	0.0144543363	0.0136290887	0	0	0	0	0	0	0.0033009903	0.0354856457	0.000450135	0	0.00030009	0	0	0	0.0009502851	0.0006501951	0	0	0	0.0045513654	0	0.0004251275	0.0053015905	0	0.0001750525	0	0.0040262079	0.0008752626	0	0.000150045	0.0021506452	0.0025757727	0.0024757427	0.005126538	0.0291837551	0	0	0.0026758027	0	0.000250075	0	0	0	0.0153546064	0	0	0	0	0.0057017105	0.0058517555	0	0.0147044113	0	0	0.0024007202	0	0	0.0032509753	0	0.0312093628	0.0033510053	0.0004251275	0	0.0001750525	0	0	0	0.0096278884	0	0.0007002101	0	0	0.0006501951	0	0	0	0	0.0064519356	0	0.0099279784	0	0	0.005776733	0	0	0.2017855357	0.0013003901	0	0.0006251876	0.0072271682	0	0.0011503451	0	0	0.0063769131	0.0011753526	0	0	0	0	0.0217815345	0.0020756227	0.0028008403	0.0067270181	0	0.0002250675	0	0	0	0	0
AK_SR_1	0	0	0.005648047	0.005381909	0.0006505604	0	0.01490375	0.001005411	0.0007392731	0	0	0	0	0.0009758406	0	0.363338	0.0007097022	0	0	0	0.007747583	0	0.005973327	0	0	0.003430227	0	0	0	0.05470621	0.0003252802	0.0001774256	0	0	0.04003903	0.001833397	0	0	0	0	0	0.01026111	0	0	0.003785079	0.0007097022	0	0	0.06209894	0	0.0002661383	0.0001478546	0	0.01020197	0.01052725	0	0.0002365674	0	0	0.0005618476	0	0	0.02203034	0.0008575569	0	0.0008871278	0	0	0	0	0.001123695	0	0.001774256	0	0.0241003	0.0002957093	0.003134518	0.0001182837	0	0	0	0	0.0004731348	0	0.005381909	0.003252802	0.0009462696	0.001360263	0	0.01123695	0	0	0.01437147	0	0.003755508	0	0	0	0.1132566	0	0	0.0005027057	0	0	0.001655972	0	0	0	0	0.006002898	0	0	0.0009462696	0	0	0.0007688441	0.0006801313	0	0	0.006269036	0	0	0	0	0	0	0.000384422	0	0	0	0	0	0	0	0.03022149	0	0	0.02821066	0	0	0.06127096	0	0	0	5.914185e-05	0	0.005293196	0	0.003459798	0.001123695	0	0	0	0	0	0.01901411	0.002424816	0	0.01298164	0	0.000413993	0.002217819	0	0	0	0.001360263
AK_SR_10	0	0	0.001322418	0.0001889169	0.006717045	0	0	0	0	0	0	0	0	0	0	0.03280856	0	0	0	0	0	0	0	0	0.0006087322	0.001952141	0.000440806	0	0	0.003232578	0	0	0.0001679261	0	0.007787573	0	0	0	0	0.0002728799	0	0.001490344	0	0.003925273	0.0002728799	0.0001679261	0	0	0.005478589	0	0	0.0006087322	0	0.02059194	0.003043661	0	0.1304996	0.000713686	0	0.002162049	0	0.0013644	0.03043661	0	0	0	0	0	0	0	0	0	0	0	0.006066331	4.198153e-05	0	0.0002099076	0	0	0	0.0004198153	0	0	0.002225021	0.001994123	0	0.0003358522	0	0.0268262	0	0	0.00411419	0	0.0003988245	0	0	0	0.01412678	0	0	0	0	0	0.004156171	0	0	0	0	0	0	0	0.0005667506	0.0001049538	0	0	0	0	0	0.0002308984	0	0.0001049538	0	8.396306e-05	0.0002308984	0	0.0004617968	0	0	0	0	0	0.00356843	0.001553317	0.0197733	0	0	0.003988245	0	0	0.6345928	0.0006926952	0	0	0.0003358522	0	8.396306e-05	0	0	0.005163728	0.0006297229	0	0	0	0.0005667506	0.006738035	0.0008606213	0	0.002413938	0	0	8.396306e-05	0	0	0	0
AK_SR_2.2	0	0	0	0.04683054	0.001762341	7.343087e-05	0.0004222275	0	0	0	0	0	0	0	0	0.2816258	0	0.001156536	0.0004773007	0	0	0	0	0	0	0.01567749	0	0	0	0.003230958	0	0.001009675	0	0	0	0.0003487967	0	0	0	0.0002386503	0	0.0001101463	0	0.002882162	0.0001101463	0.0004956584	0	0	0.000587447	0	0	0	0	0.002147853	0.002772015	0	0	0	0	0.007196226	0	0.1724524	0.015806	0	0	0	0	0	0	0	0	0	0	0	0	0	0.000458943	0.0001468617	0	0.0001835772	0	0.0004405852	0	0.0001835772	0.00297395	0.00563582	0	0.0001468617	0	0.00860977	0	0	0.002404861	0	0	0	0	0	0.002680227	0	0	0	0	0	0.001248325	0	0	0	0	0	0	0	0	0.001266683	0	0	0	0	0	7.343087e-05	0	0	0	0	0	0	0	0	0	0	0	0	0	0.001872487	0.007196226	0	0	0.002515007	0	0	0.3960678	0.0001101463	0	0.0008077396	0	0	0.0001652195	0	0	0.002239642	0	0	0	0	0.003157528	0.001156536	0.0003671544	0.0001468617	0.0003304389	0	0	0	0	0	0	0
AK_SR_3	0	0	0.001282016	0.003929656	0	0	0	0	0	0	0	0	0	0	0.0004459185	0.2106129	0.0005573981	0	0	0	0	0	0	0	0	0.003818177	0	0.0003901786	0	0.006828126	0	0	0	0	0	0	0	0	0	0.03313732	0	0	0	0.001365625	0	0.005462501	0	0	0.0103676	0	0	0	0	0.01017251	0.01502188	0	0	0.0006967476	0	0	0	0.000585268	0.08282935	0	0	0	0	0	0	0	0.003678827	0	0	0	0.001393495	0	0	0.006660907	0	0	0	0	0.0007524874	0.001086926	0.004932973	0.0004180485	0	0.0003901786	0	0.0009197068	0	0	0.006493687	0	0.0001393495	0	0	0	0.02056799	0	0	0	0	0	0.003511608	0	0	0	0	0	0	0	0	0	0	0	0	0	0	0	0	0	0	5.573981e-05	0	0	0	0	0	0	0	0	0	0.02876174	0.004905103	0	0	0.001477105	0	0	0.5041387	0.0005295282	0	0.0001393495	0	0	0.000863967	0	0	0.01700064	0	0	0	0	0	0.002090243	0.0005295282	0	0.001059056	0	0	0	0	0	0	0
AK_SR_4	0	0	0.0007119465	0.0008543358	0	0	0	0	0	0	0	0	0	0	0	0.0238264749	0	0	0	0.0002847786	0	0	0	0	0	0.0004271679	0	0	0	0.0012815036	0	0	0	0.0047463097	0	0	0	0	0	0.0022544971	0	0.0001186577	0	0.0009017989	0	0.0009729935	0	0	0.0046039205	0	0	0	0	0.0040818264	0.0029664436	0	0.0007119465	0	0	0.0009492619	0	0.0048649675	0.0135744459	0	0	0	0	0	0	0.0003085101	0.0014950876	0	0	0	0	0	0.0007831411	0.0002847786	0	0	0	0	0	0	0.0015900138	0.0026579335	0	0.0002135839	0	0.0002135839	0	0.0003085101	0.0018273293	0	0	0	0	0	0.0482699701	0	0	0	0	0.0002373155	0.000735678	0	0	0	0	0	0	0	0.0001661208	0	0	0	0	0	0	0	0	0	0	0	0.0021358394	0	0	0.0003085101	0.000735678	0	0.000735678	0	0.0003322417	0.000735678	0.0307798187	0	0	0.0003085101	0	0	0.1886658123	0.0001186577	0	0.0002135839	0	0	0.6320660686	0	0	0.0039394371	0	0	0	0	0	0.0005220941	0.0004508994	0	0.0010916512	0	0	0	0	0	0	0.0096350088
AK_SR_5	0	0	0.001884463	0	0	4.332099e-05	0	0	0	0	0	0	0	0	0.0003249074	0.1280352	0.0004332099	0	0	0	0	0	0	0	0.0006064938	0.0005631728	0	0	0	0.004007191	0	0	0	0	0	0	0	0	0	0.006043278	0	0	0	0.003422358	0.0002815864	0.001364611	0	0	0.005805012	0	0	0.0001949444	0	0.01464249	0.007797778	0	0	0	0	0.0001516235	0	0.002079407	0.01353781	0	0	4.332099e-05	0	0	0	0.001212988	0.0006714753	0	0.000129963	0	0.001732839	0	0	0.002794204	0	0	0	0.0001732839	0	0.006519809	0.0009963827	0.001018043	0	0	0	0.00480863	0	0	0.0004332099	0	0.0001949444	0	0.004851951	0.001018043	0.04329933	0	0	0	0	0	0.008425932	0	0	0	0	0	0	0	0.0001949444	0	0	0	0	0	0	0	0	0	0.0002599259	0	0.001083025	0	0	0	0	0	0.008815821	0	0	0.007407889	0.006411506	0	0	0.0004765309	0	0	0.6987675	0	0	0.0001083025	0	0	0	0	0	0.002750883	0	0	0	0	0.0003249074	0.001342951	0.0003465679	0	0.0004115494	0	0	0.0003898889	0	0.001364611	0	0
AK_SR_6	0	0	0.0061524144	0	0.009461276	0	0	0	0	0	0	0	0	0	0	0.0427049943	0	0	0.0018612346	0	0	0.0215076	0	0	0	0.2117154379	0.0004136077	0	0.0017578327	0.00268845	0	0	0	0	0.0004136077	0.0014476269	0	0	0	0	0	0.0024816462	0	0.0005687106	0	0	0	0	0.0008272154	0	0	0.0010857202	0	0	0.0080136491	0	0	0	0	0.0008789163	0	0.0009306173	0.0050666942	0	0	0	0	0	0	0	0	0.1353014166	0	0	0	0	0	0	0.0003619067	0	0	0	0	0.0033605625	0.0025850481	0.0009823183	0	0	0	0.3141350429	0	0.0240409472	0.0016027298	0	0.0046013856	0	0	0	0.0540792059	0	0	0.001395926	0	0	0.0014476269	0	0	0	0	0	0	0	0	0.0011374212	0	0	0	0	0	0.0044462827	0.0033088615	0	0	0	0.0063592183	0	0	0	0	0	0	0	0	0.0003102058	0.0058422087	0	0	0.0015510288	0	0	0.0823596319	0.0001034019	0	0	0	0	0	0	0.0003102058	0.0228001241	0	0	0	0	0	0.0019646365	0.0005170096	0	0.0035156654	0	0	0.0016027298	0	0	0	0
AK_SR_7	0	0	0.0005411109	0.0006222775	0	0	0	0	0.000892833	0	0	0	0	0	0.0003246665	0.02981521	0.0002164444	0	0	0.001244555	0	0	0.0005681664	0	0	0.0008116664	0	0	0	0.003030221	0	0	0	0	0	0	0	0	0	0.0003517221	0	0	0	0.03189849	0.0001082222	0.0006222775	0	0	0.01945294	0	0	0	0	0.03103271	0.0006493331	0	0	0.006547442	0	0	0	0.004247721	0.3311869	0	0	0	0	0	0	0	0.005492276	0	0	0	0.0007575553	0	0.0001082222	0.003138443	0	0	0	0.00370661	0.0001623333	0	0.006872108	0	0	0.003760721	0	0.000595222	0	0	0.00370661	0	0.0005411109	0	0	0	0.03482049	0	0	0	0	5.411109e-05	0.01271611	0	0	0	0	0	0	0	0	0	0	0	0	0	0	0	5.411109e-05	0.0001082222	0	0	0	0	0	0	0	0	0	0	0	0	0	0	0	0.003760721	0	0	0.4454966	0.0006763886	0	0.0006222775	0	0	0.001001055	0	0	0.003679554	0	0	0	0	0	0.0009739996	0.000595222	0	0	0	0	0.002434999	0	0	0	0
AK_SR_8	0	0	0.016327131	0	0	0	0	0	0	0	0	0	0	0	0.0001470913	0.352283592	0	0	0	0	0	0	0	0	0	0	0	0	0	0.0019857321	0	0	0	0	0	0	0	0	0	0.0027947341	0	0	0	0.0019121865	0	0.0082371111	0	0	0.0009560933	0	0	0	0	0.0110318453	0.0044127381	0	0	0.0002941825	0	0	0	0.0005148194	0.0100022064	0	0	0	0	0	0	0	0	0	0	0	0.0020592778	0	0	0.0008825476	0	0	0	0.000809002	0	0	0.0034566448	0.0027947341	0	0	0	0	0	0	0.0047069206	0	0	0	0	0	0.0867103037	0	0	0	0	0	0.0230933294	0	0	0	0	0	0	0	0	0	0	0.0019121865	0	0	0	0	0	0	0	0	0	0	0	0	0	0	0	0	0	0.001618004	0.0228726925	0	0	0	0	0	0.4297271457	0	0	0	0	0	0	0	0	0.0038979187	0	0	0	0	0.0011031845	0	0.0030889167	0	0.0003677282	0	0	0	0	0	0	0
AK_SR_9	0	0	0.003223043	0	0	0	0.0003263841	0	0.001856309	0	0	0	0	0	0.0004079801	0.09148954	0.0003467831	0	0.001407531	0	0.0002651871	0	0	0	0	0.01119905	0	0.0002447881	0	0.006486883	0	0	0.001081147	0	0	0.003059851	0	0	0	0.009954714	0	0.003365836	0	0.003998205	0.0008363592	0.0008771572	0	0	0.03631023	0	0.000142793	0	0	0	0.01250459	0	0.02066419	0	0	0	0	0.003019053	0.02139856	0	0	0	0	0	0	0	0.001754314	0	0	0	0.0004895761	0.000142793	0.000224389	0.007874016	0	0	0	0.001958304	0	0.01360614	0.003304639	0.01101546	0	0.001652319	0	0.007690425	0	0	0.003059851	0	0	0	4.079801e-05	0	0.01213741	0	0	0	0	0	0.03990045	0	0	0	0	0.0003467831	0	0	0.001081147	0.0005711721	0	0	0	0	0.000224389	0.001917506	0.00224389	0.0003467831	0	0.0002447881	0.02160255	0	0	0	0	0	0	0	0	0.005018155	0.02207172	0	0	0.01560524	0	0	0.5634001	0.00020399	0	0.0005099751	0	0	0.0002651871	0	0	0.003937008	0.00101995	0	0	0	0	0.01366733	0.002651871	0	0.003223043	0	0.0002447881	0	0.0002855861	0	0	0
