Genus,Tandon_1,Tandon_10,Tandon_11,Tandon_12,Tandon_13,Tandon_14,Tandon_15,Tandon_16,Tandon_17,Tandon_18,Tandon_19,Tandon_2,Tandon_20,Tandon_21,Tandon_22,Tandon_23,Tandon_24,Tandon_25,Tandon_26,Tandon_27,Tandon_28,Tandon_29,Tandon_3,Tandon_30,Tandon_31,Tandon_32,Tandon_33,Tandon_34,Tandon_35,Tandon_36,Tandon_37,Tandon_38,Tandon_39,Tandon_4,Tandon_40,Tandon_41,Tandon_42,Tandon_43,Tandon_44,Tandon_45,Tandon_46,Tandon_47,Tandon_48,Tandon_49,Tandon_5,Tandon_50,Tandon_51,Tandon_52,Tandon_53,Tandon_54,Tandon_55,Tandon_56,Tandon_57,Tandon_58,Tandon_59,Tandon_6,Tandon_60,Tandon_61,Tandon_62,Tandon_63,Tandon_64,Tandon_65,Tandon_66,Tandon_67,Tandon_68,Tandon_69,Tandon_7,Tandon_70,Tandon_71,Tandon_72,Tandon_73,Tandon_74,Tandon_75,Tandon_76,Tandon_77,Tandon_78,Tandon_79,Tandon_8,Tandon_80,Tandon_9
Acinetobacter,0.00072,0,0,0.00124,0.00285,0.00227,0.0354,0.01045,0.00283,0.00062,0.00142,0,0.00112,0.00239,0,0.00161,0.01971,0,0.00347,0.00132,0.02079,0.00029,0.00153,0.00036,0.00144,0.00198,0,0.00161,0.00246,0,0.00106,0.00374,0,0.00291,0.00125,0,0.00219,0.0038,0,0.00475,0,0.00108,0,0.00104,0.01611,0.0008,0.00482,0.00033,0.00652,0,0.00121,0,0,0.00097,0.00257,0.00042,0.08299,0,0.0057,0.00382,0.0052,0.01637,0.00077,0.00061,0.00537,0,0,0.00075,0.00183,0,0.00288,0,0,0.00645,0,0.00082,0.00157,0,0.00353,0
Actinomyces,0,0,0.00228,0.00436,0.00047,0.00417,0.00151,0.00174,0.00071,0.00154,0.00332,0,0.00112,0.00477,0,0.00535,0.00104,0.00376,0.00347,0.00132,0.00347,0.00174,0.01381,0.00181,0.00289,0.00791,0.00872,0.00081,0.00123,0.00191,0.00422,0.00374,0.00116,0.00291,0.00031,0,0,0.00127,0.00111,0.01045,0.00111,0,0.00083,0.00209,0.00146,0.00239,0.00193,0.00033,0,0.00852,0.00243,0,0.00114,0.00146,0.02145,0,0.04453,0.00049,0.00228,0,0.00624,0.00546,0.00386,0,0.00376,0.00069,0.00068,0.00075,0.00092,0.00519,0.0046,0.00109,0.00145,0.00645,0.014,0.00245,0.00626,0.00194,0.00235,0.00768
Akkermansia,0,0,0,0,0,0,0,0,0,0,0,0,0,0,0,0,0,0,0,0,0,0,0,0,0,0,0,0,0,0,0,0,0,0,0,0,0,0,0,0,0,0,0,0,0,0,0,0,0,0,0,0,0,0,0,0,0,0,0,0,0,0,0,0,0,0,0,0,0,0,0,0,0,0,0,0,0,0,0,0
Alistipes,0.00644,0.23347,0.44199,0.19537,0.08489,0,0.05573,0.00523,0.33444,0.11416,0.27021,0.0288,0.04191,0.04055,0.2057,0.04123,0.00104,0,0.11987,0.11603,1.28444,0.00869,0.00307,0,0.01878,0.01285,0.91012,0.04279,0,0.08517,0.00739,0.43601,0.57388,0.0097,0.01904,0.0067,0.01021,0.21495,3.46668,0.0038,0.05124,0.21472,0,0.00627,0.02344,0.01116,0.00193,0.89188,0.21197,0.00061,0.00728,0.14642,0,0,0.06777,0,0.03239,0.09139,0.01825,3.25694,2.69982,6.43665,0.16686,0.00368,0.1106,0.01306,0.85638,0.36993,0,0.04797,0.01669,0.15748,0.15032,0.07463,0.0154,0.0743,0.24119,0.00194,0.01176,0
Allisonella,0.01859,0.01222,0.00457,0.02302,0,0.00379,0,0.01394,0.00779,0.00987,0.00142,0.00432,0.00187,0.00358,0,0.01606,0,0,0,0,0,0.00695,0.00153,0,0.00144,0.00395,0,0.00807,0,0.00763,0.01478,0.00374,0.00233,0,0.00562,0.03605,0.00073,0.00063,0,0.00048,0.00668,0,0.00166,0.01202,0.00732,0.01355,0.01253,0.00428,0.00326,0.02374,0,0.00339,0.00114,0.03992,0.01201,0,0.00607,0.02015,0.0057,0,0,0.00327,0,0.0043,0.00322,0.00179,0,0.00598,0.00275,0.00259,0,0,0.00073,0.01566,0.0042,0,0.00157,0.00778,0.00353,0
Alloprevotella,9.60152,0.00489,8.48566,0.73917,4.71631,7.86255,8.28513,1.22147,0.00567,8.94946,0.00522,3.03375,1.68873,7.71157,0.01286,9.9781,4.78201,3.95389,4.96971,7.94304,0.02195,4.94463,0.1013,0.00651,0.01589,10.4837,1.28847,6.4787,0.00614,5.67911,6.52692,3.04646,1.49,1.68092,6.52368,0.20773,6.02305,3.88993,0.00666,0.0114,0.01225,3.09671,5.15178,3.25943,6.13181,3.42295,9.04866,0.00296,2.43278,4.73736,3.75253,2.39605,4.00169,5.25004,4.16145,0.00296,6.23419,2.62379,6.53567,0.01146,0.01351,0.05892,6.33893,5.0535,10.2137,2.8271,0.00068,3.42805,5.91957,5.99546,0.00518,0.2745,0.09731,3.56205,0.16238,4.42724,3.35792,4.40649,0.01411,0.01151
Anaerostipes,0,0.00122,0.02284,0.00933,0.00617,0.00038,0.03163,0,0,0,0.00142,0.00864,0.00037,0.03339,0,0.07495,0.00207,0.00251,0.00043,0,0,0.02287,0.67227,0.00326,0.00867,0.04941,0.00349,0.00081,0.00368,0.01144,0,0.10666,0.06053,0.00776,0.00031,0,0.00802,0.01078,0.00666,0.00285,0.00111,0.00539,0.00083,0.0047,0.00293,0.00159,0,0,0.06033,0,0,0.00085,0.06835,0,0.04461,0.00042,0.00405,0,0.00228,0,0.00658,0.02728,0.00077,0,0.00161,0.00014,0.00068,0.0553,0,0.00259,0.00173,0.00109,0,0.00645,0.007,0.00817,0,0,0.00118,0.00256
Bacteroides,0.12014,27.6687,0.78118,18.5646,2.59314,0.16564,0.70191,0.0453,9.94112,4.31908,1.18864,0.27213,0.17063,0.33155,2.32953,0.39994,0.03319,0.04014,0.52594,0.49314,3.64308,0.14389,0.94395,62.1351,3.58531,0.42101,2.76523,0.20912,0.0135,0.32988,0.60372,0.7822,0.61812,0.43163,0.02871,0.01664,0.11081,1.90343,61.2484,3.17217,0.85771,0.54273,0.14523,0.20218,0.17725,0.52863,0.02121,9.77148,5.11667,0.12355,2.24133,2.5759,0.76548,0.0039,1.7586,6.76213,2.74871,0.23093,2.461,66.701,54.2649,15.264,0.70759,0.02026,6.11672,0.08898,55.8723,1.49617,0.42178,0.12318,1.30639,0.52385,1.53152,1.06696,0.95607,0.0792,3.10733,0.0418,0.75595,3.25977
Barnesiella,0.00072,0.00122,0.00114,0.78522,1.17848,0,0,0.00348,0,0,0.02184,0.02016,0.00037,0.03697,0,0.00696,0.00104,0,0,0.01319,1.03725,0,0.00153,0,0.01589,0.00296,2.38689,0.05813,0,0.00127,0,0.58572,0.40393,0.00097,0,0,0.00146,0.00063,0,0.00095,0,0.05071,0,0.00575,0,0.00718,0.00096,0.00066,0.13044,0.00061,0,0.29496,0.00911,0.00049,0,0,0.03846,0,0,0,0.00069,0.00436,0.00463,0,0.34253,0.01939,2.40099,0.0127,0.00092,0.00389,0,0.00109,0.00073,0.00092,0,0.00082,0,0.00097,0,0
Bifidobacterium,0.22313,0.74318,0.90453,3.62929,0.27079,0.13872,0.16945,1.55602,0.08857,0.20918,0.28826,0.23901,0.16165,0.25522,0.20998,1.18536,0.10062,0.18942,0.70444,0.0923,0.82356,0.22322,13.3826,0.38242,0.67893,0.34293,0.3365,0.239,2.80281,0.4195,0.10555,0.20023,0.38181,0.32299,0.11454,0.21028,0.19537,0.30942,1.00649,2.94457,0.3286,0.08956,0.03485,0.14419,0.0835,0.48159,0.05978,0.06552,1.36966,0.11259,0.09824,0.13753,0.05354,0.08131,0.93249,0.05868,0.13157,0.42796,0.44134,0.51311,1.2936,0.52375,0.71145,0.06691,2.96897,0.17232,0.11811,0.55752,0.12287,0.18412,0.42587,0.92631,0.38488,0.63391,0.19597,0.46624,0.41348,0.80392,0.25629,12.7896
Bilophila,0,0.00367,0.03997,0.00684,0,0,0,0.01568,0.02763,0,0.05129,0.0144,0.00449,0.00358,0,0.00268,0.00104,0.00251,0.00347,0.00659,0.02541,0.00116,0,0.03365,0.00433,0.00099,0.03138,0.00081,0,0.02352,0,0.02246,0.05005,0.01164,0.00156,0,0,0.00254,0.00111,0.00048,0.01894,0,0.00083,0.0047,0,0.00877,0.00096,0.04379,0.01141,0.00183,0.01334,0.00465,0.01253,0,0.01287,0,0.03643,0,0,0,0,0.05456,0.03862,0.00552,0,0.00701,0.03268,0.02093,0.00092,0.01037,0.00058,0.04921,0,0.00553,0,0,0.04855,0.00778,0,0
Blautia,0.23242,0.60628,0.66355,2.7607,0.46049,0.48402,0.11975,4.30389,0.20548,0.42855,0.41648,0.30669,0.11114,0.23137,0.33769,0.39673,0.10269,0.25841,0.29533,0.17273,0.59833,0.18847,0.6953,0.97143,0.59803,0.35578,0.49168,0.18651,0.56351,0.13348,0.43801,0.31812,0.52034,0.25704,0.10643,0.00393,0.20704,0.22129,0.51157,0.12117,0.17934,0.80493,0.0639,0.24815,0.22119,0.42338,0.05785,0.31013,0.95224,0.21545,0.4245,0.31188,1.06848,0.05307,0.38432,0.442,0.66795,0.07223,0.24405,0.34632,1.80681,0.2215,0.56391,0.06876,0.65661,0.09847,0.66815,0.29669,0.15496,0.28007,0.18474,0.22857,0.10602,0.16769,0.07559,0.17311,0.34926,2.04139,0.08465,0.72411
Butyricicoccus,0.18951,0.04767,0.14733,0.79082,0.07588,0.11939,0.02787,0.17773,0.04889,0.02036,0.05841,0.17854,0.07671,0.10734,0.02828,0.25163,0.01867,0.0439,0.05472,0.02769,0.14438,0.03358,1.31385,0.21563,0.07367,0.14132,0.09066,0.05652,0.07121,0.06483,0.08338,0.07111,0.11524,0.02813,0.03714,0.00716,0.02479,0.0317,0.05105,0.19672,0.05235,0.16724,0.01079,0.06165,0.03223,0.0909,0.00482,0.16033,0.2723,0.0426,0.11522,0.0237,0.06721,0.02921,0.05233,0.06248,0.1174,0.05159,0.07527,0.03565,0.15733,1.24499,0.18848,0.01044,0.20455,0.02599,0.11369,0.07698,0.03393,0.08687,0.01554,0.01969,0.04575,0.12899,0.0308,0.08655,0.11747,0.08166,0.02939,0.05629
Butyricimonas,0.00143,0,0.00685,0.04978,0,0.00076,0,0,0.23028,0,0.21323,0.0432,0.00449,0.00119,0,0.00054,0.00104,0.00502,0.20021,0.06593,0.0231,0.00145,0,0,0.03034,0.00198,0.0802,0.00081,0,0.04068,0,0.20397,0.15249,0.10573,0.00593,0,0.00146,0.00063,0,0,0,0.0464,0,0.00104,0,0.00877,0,0.14782,0.03261,0,0,0.05967,0,0.00146,0.00172,0,0.02227,0.00098,0,0,0,0.3939,0.01777,0.00123,0,0.01582,0.77367,0.08221,0.00092,0.22172,0.00115,0,0,0.01751,0,0,0,0,0,0
Campylobacter,0,0.00122,0.00228,0.00187,0.00047,0.00038,0.68158,0,0.00071,0.00771,0,0.00288,0,0.00119,0.00171,0.00375,0,0.00627,0.00087,0,0.00578,0,0.00614,0.01628,0,0.00296,0,0,0.00123,0.00064,0,0.00187,0.00466,0,1.13826,0.00069,0.00146,0.00444,0.00222,0.00285,0,0.00324,0.00166,0.00157,0,0.00319,0.00193,0.00033,0.00652,0.01278,0.00243,0.00085,0.01709,0.01315,0.00343,0.00042,0.01417,0,0.00114,0.00255,0.00139,0.00546,0.00309,0,0.01664,0.00028,0,0,0.00183,0.00389,0,0,0.00073,0.00737,0.007,0.00082,0.00783,0,0.00118,0.00128
Catenibacterium,0.23957,0,1.15008,2.20819,0.84415,0.15578,0.00075,0.47395,0.12612,0.75435,0.52,0.21886,0.11001,0.13358,0.00086,0.121,0.29356,0.60462,0.00043,0.49314,2.67976,0,0.01228,0.00036,0.00578,0.20952,0.20051,0.1849,3.38719,0.01525,0.17309,0.18339,0.15482,0.00097,0.49344,0.00647,0.01677,0.22065,0,0,0.43888,0.30643,0.14108,0.34585,0.3208,0.65381,0.25936,0.09383,0.56906,2.11976,0.41964,0.62165,0.17314,0.55651,1.18641,0.10934,0.15383,0.02702,0.05588,0,0.00069,0.00436,0.0224,0.33702,0.78922,0.32868,0.74644,0.15395,0.47496,0.13744,0.00345,0.24935,0.03195,1.22083,0.13438,0.0098,0.00783,0.29454,0.19633,0
Clostridium_IV,0,0.02322,0.16446,0.08337,0.00047,0,0,0.09758,0.10274,0.00247,0.27686,0.2275,0.02732,0.01789,0.52367,0.00696,0.0083,0.03512,0.043,0.19383,0.36731,0.01361,0,0.0322,0,0.03657,0.92581,0.0218,0,0.02924,0.00317,1.58124,1.85784,0.03395,0.00312,0.00578,0.05686,0.49647,0.00111,0.00048,0,0.35931,0.0166,0.01358,0.00732,0.01196,0.00386,0.0698,0.16306,0.01339,0.00121,0.00042,0.54791,0.00049,0.02402,0,0.06477,0.10613,0.00114,0,0.00035,3.40328,0.73076,0.00307,0.01557,0.03672,0.37271,0.44317,0.00092,1.03468,0.0023,0.04375,0.0029,0.02303,0.0112,0.31845,0.27095,0.04374,0.01176,0
Clostridium_sensu_stricto,1.59477,0.15646,0.09137,0.2663,0.00901,0.56703,0.0369,0.05576,0.05739,0.13575,0.40793,0.64073,0.04341,0.43054,0.03685,0.68155,0.09025,0.46664,0.62583,0.27954,0.25527,0.26491,0.12433,0.09226,0.12278,0.57814,0.59629,0.18974,0.12891,0.4856,0.33247,1.11716,0.71823,0.01746,0.4975,0.00046,0.33461,0.26947,0.03329,0.43287,0.01225,0.64848,0.05892,0.19434,0.0249,0.21289,0.54186,0.17515,0.19404,0.79423,0.26683,0.02793,0.27566,0.52632,0.07978,0.01604,0.03036,0.00049,1.77105,0.02165,0.02079,0.06874,0.3507,0.02087,1.65253,0.03576,0.3785,0.02541,0.29066,0.14781,0.00576,0.05906,0.0777,0.34275,0.08259,1.95723,1.16838,0.45202,0.08347,0.29297
Clostridium_XI,0.66079,0.09412,0.09822,0.83997,0.02466,0.23727,0.00527,0.0575,0.02693,0.31161,0.25074,0.22462,0.05014,0.23256,0.01457,1.27423,0.18672,0.6109,1.51571,0.149,0.20907,0.185,0.08749,0.01737,0.27013,0.35973,0.46901,0.08074,0.73293,0.13284,0.40213,0.46969,0.31779,0.09021,0.46691,0,0.17861,0.04312,0.0921,0.96315,0.00223,0.24925,0.38589,0.128,0.17139,0.09488,0.76747,0.2298,0.22339,1.58297,0.11158,0.00085,0.1253,0.65875,0.01716,0.04011,0.1174,0,0.20185,0.07257,0.15317,0.431,0.39628,0.02271,0.45689,0.02379,0.46461,0.03288,0.35851,0.09724,0.00921,0.01969,0.09586,0.37684,0.19457,0.6173,0.47926,0.28093,0.49142,0.38252
Clostridium_XlVa,0.07509,0.23958,0.09708,0.2999,0.18353,0.10575,0.14008,0.21955,0.21753,0.23973,0.09118,0.08063,0.05014,0.15266,0.13113,0.28108,0.09025,0.06147,0.15374,0.0356,0.1132,0.06775,0.28549,0.161,0.16612,0.19963,0.10984,0.08316,0.19766,0.05466,0.14038,0.08234,0.11641,0.09021,0.1907,0.00092,0.06634,0.10842,0.24746,0.04752,0.12921,0.23198,0.04647,0.1071,0.19629,0.14272,0.14462,0.32067,0.18588,0.18867,0.26683,0.07871,0.18454,0.0521,0.13039,0.51208,0.04251,0.02604,0.12887,0.25974,0.36316,0.14294,0.14368,0.17312,0.15033,0.11016,0.44827,0.10762,0.03943,0.14781,0.07712,0.12577,0.02832,0.1981,0.06579,0.08492,0.14409,0.1186,0.08465,0.16887
Clostridium_XlVb,0.00501,0.03178,0.08566,0.09146,0.03177,0.02426,0.02109,0.04705,0.01134,0.02653,0.04606,0.05183,0.03068,0.02027,0.01114,0.03908,0.01763,0.11415,0.02215,0.01582,0.11089,0.00608,0,0.63424,0.06645,0.05534,0.0401,0.02099,0.01842,0.02225,0.019,0.04865,0.11524,0.00873,0.01717,0.00347,0.01166,0.02917,0.01665,0,0.01894,0.04963,0.00581,0.02508,0.01025,0.01754,0.00771,0.0191,0.06848,0.05051,0.21952,0.02412,0.28364,0.0297,0.1038,0.00675,0.03239,0.05208,0.04448,0.00891,0.02668,0.25205,0.03244,0.03438,0.06496,0.00784,0.01668,0.10388,0.02109,0.06613,0.01266,0.02187,0.01089,0.03962,0.0084,0.01878,0.04699,0.02333,0.01528,0.00384
Collinsella,0.05578,0.00367,0.33577,0.54256,0.06402,0.06368,0.02711,0.04008,0.02905,0.02561,0.03704,0,0.02058,0.04413,0.01114,0.48721,0.00104,0,0.01998,0.02373,0.00116,0.00897,0.00153,0.00036,0.13723,0.0504,0.02615,0.01534,0.10804,0.05593,0.03694,0.15158,0.21302,0.21824,0.04057,0.00023,0.02114,0.03297,0,0.01853,0.05681,0,0,0.03657,0.03809,0.11003,0.03085,0.00132,0.02283,0.2337,0,0,0.10708,0,0.17586,0.00084,0.03239,0.00147,0.1243,0.07003,0.1996,0.01637,0.09115,0,0.84183,0,0.02212,0.04559,0.02292,0,0.01784,0.01312,0.06971,0.16124,0.0014,0.01306,0.17698,0.0175,0.0047,2.52031
Comamonas,0,0,0,0,0,0,0,0,0,0,0,0,0,0,0,0,0,0,0,0,0,0,0,0,0,0,0,0,0,0,0,0,0,0,0,0,0,0,0,0,0,0,0,0,0,0,0,0,0,0,0,0,0,0,0,0,0,0,0,0,0,0,0,0,0,0,0,0,0,0,0,0,0,0,0,0,0,0,0,0
Coprococcus,0.05221,0.2518,0.79032,1.33897,0.19112,0.18686,0.11749,1.19185,0.15305,0.11138,0.08833,1.38801,0.51901,0.11449,0.14742,0.26823,0.10477,0.46915,0.71182,0.05406,0.51516,0.19687,0.01228,0.14834,0.73237,0.1937,0.62593,0.11062,0.09208,0.38327,0.16993,1.25564,1.73213,0.18138,0.32709,0.1123,0.18954,0.16105,0.09987,0.11404,0.04121,0.85456,0.039,0.18128,0.17725,0.32133,0.01157,0.2805,0.55602,0.0992,0.44269,0.1041,0.31439,0.1076,0.35515,0.02449,1.24077,1.90102,0.15396,0.07512,0.2003,0.73761,1.62374,0.01289,0.90089,0.09379,0.01464,0.09566,0.17055,0.30729,0.03971,1.77935,0.05156,1.1508,0.13298,0.10043,0.04542,0.55993,0.09053,0.05373
Dialister,1.18213,0.16379,0.76063,0.74104,0.18258,0.23272,0.46619,3.4675,0.33869,0.4088,0.13629,0.68681,0.4973,0.53072,0.20484,0.99208,0.88068,0.77397,2.10115,0.59467,0.6942,0.90792,0.36837,0.71021,0.40013,0.55838,2.38863,2.27933,0.68996,0.77099,0.45701,0.27695,0.22816,0.17362,0.48221,0.02357,0.12466,0.32273,0.2863,0.47184,0.0802,0.32694,0.25311,0.60967,0.5581,1.00225,0.16198,0.41746,1.00931,1.51116,4.00723,0.36436,0.78257,1.64858,0.5679,0.47577,0.13764,0.37244,0.29423,0.1426,0.60539,0.14403,3.67157,2.16333,1.5065,0.67841,0.24575,1.30784,0.4988,0.17893,0.24401,0.78414,0.8126,1.66862,0.43254,0.00572,0.26939,1.79837,0.42794,0
Dorea,0.10084,0.25547,0.21129,0.42123,0.22147,0.42792,0.10167,0.87472,0.11762,0.18604,0.21702,0.33836,0.13508,0.24449,0.19199,0.41172,0.08921,0.23959,0.28143,0.08043,0.40196,0.14418,0.77204,0.2728,0.49981,0.3627,0.27025,0.09931,0.18047,0.10487,0.40424,0.2545,0.36086,0.21824,0.22878,0.01548,0.16476,0.13569,0.40948,0.23806,0.14592,0.43591,0.04647,0.21315,0.16113,0.31415,0.09931,0.4438,0.26252,0.26657,0.3687,0.14388,0.35198,0.08423,0.49927,0.04517,0.25301,0.21374,0.14027,0.36542,1.25583,1.05841,0.37002,0.0663,0.37045,0.10796,0.33186,0.29819,0.13112,0.33323,0.11683,0.3959,0.06318,0.35381,0.08959,0.06696,0.03602,0.43647,0.09288,1.01196
Elusimicrobium,0,0,0,0,0,0,0,0,0,0,0,0,0,0,0,0,0,0,0,0,0,0,0,0,0,0,0,0,0,0,0,0,0,0,0,0,0,0,0,0,0,0,0,0,0,0,0,0,0,0,0,0,0,0,0,0,0,0,0,0,0,0,0,0,0,0,0,0,0,0,0,0,0,0,0,0,0,0,0,0
Enterobacter,0.00143,0,0.00343,0,0,0.00569,0,0,0.01275,0.29033,0,0,0,0.00716,0,0.00268,0.00104,0,0.00043,0.00264,0.00116,0,0.00153,0,0.00867,0.00791,0,0.00484,0.00246,0,0.03694,0,0,0,0.0025,0.01618,0.02697,0.0019,0.00111,0.00048,0,0.00108,0,0.00522,0.00293,0.01116,0.02025,0.00198,0.01141,0.10103,0.00485,0.00042,0.03076,0.00536,0.00086,0,0.02429,0,0.00114,0,0.00139,0.00327,0.00463,0.02517,0.00161,0,0,0.01345,0.04768,0,0.00288,0,0.0276,0.05805,0.0042,0.76019,0.00626,0,0,0
Erysipelotrichaceae_incertae_sedis,0.02718,0,0.30265,0.01618,0.00047,0,0,0.1847,0.30326,0,0.11207,0.32828,0.06025,0.0167,0.22198,0.16008,0.02697,0.2421,0,0.00264,0.70575,0,0.01074,0.00072,0.10545,0.01977,0.07846,0.03795,0,0.00254,0,0.31999,0.26541,0,0.0387,0,0.04228,0.25806,0,0.01283,0.00111,0.83514,0.02905,0.0956,0.16553,0.1507,0.0752,0.29203,0.09783,0.21119,0.68768,0.02454,0.10594,0.08423,0.18787,0.01435,0.07084,0.00049,0.01254,0,0,0.00109,0.00077,0.04972,0.29153,0.06849,0.14738,0.19879,0.09628,0.24506,0,0.17061,0.00436,0.93612,0.05739,0.0988,0.06421,0.08263,0.02234,0
Escherichia_Shigella,0.05078,0.03667,0.19415,3.6268,0.13943,0.0849,0.1446,0.00871,0.05456,4.64242,0.00332,0.03024,0.55231,2.42343,0.00343,0.20024,0.00622,0.15429,0.12986,0.22548,0.15478,0.00608,27.6615,0.18741,0.32357,0.16504,0.10287,1.07144,0.86184,0.03305,0.46334,0.03555,0.0454,0.05238,0.26748,0.05915,0.55623,3.06185,0.21417,22.6224,0.25731,0.03129,0.08299,0.07105,0.05566,0.11721,0.20055,0.03095,0.94083,0.2757,0.13099,0.0876,0.20846,0.01412,0.02145,3.51616,0.02631,0.54785,0.47897,0.18335,0.15109,0.17567,0.03553,0.89136,0.15301,1.05055,0.24064,0.43944,0.02842,0.00389,0.46155,0.00984,0.24836,0.55006,0.31356,3.00811,2.33833,0.02527,0.23983,2.9233
Faecalibacterium,3.52351,7.24475,7.90434,19.949,7.13493,7.93456,4.96762,17.0047,8.22923,3.806,8.98773,13.6123,2.76641,6.61077,9.22212,11.1581,1.54352,12.2317,21.5049,6.99499,9.1158,8.80242,19.6878,20.7499,5.08328,7.66213,21.2536,18.3768,4.69222,9.77048,9.58352,25.9941,37.321,2.01265,4.93661,0.45082,9.65059,5.89925,18.8526,2.05222,6.63221,14.5632,8.62724,8.46647,3.91551,7.03009,1.55616,13.4901,23.3152,16.4061,11.6663,3.44976,13.8026,6.62353,17.4273,3.07964,14.6119,8.91255,10.0447,14.2806,17.0119,8.74769,3.48077,8.16897,25.6942,12.5156,6.4402,25.4566,5.72793,8.94003,19.8226,14.4032,9.19858,15.071,7.37143,3.11589,12.5484,8.07322,14.4417,45.5229
Flavonifractor,0.00072,0.00244,0,0.0056,0.0019,0,0.00151,0,0.00071,0.0037,0.13677,0.00288,0,0,0.00086,0.00214,0,0,0,0,0.0462,0.00058,0.0046,0.01773,0.00289,0.00593,0,0,0,0.00318,0,0,0.00116,0.00097,0,0.00023,0.0051,0.00317,0.03218,0.00713,0.00223,0.00108,0,0.00157,0.00146,0.00319,0.00193,0.00757,0.00978,0.00061,0.02911,0.00085,0.32465,0,0.00257,0.00591,0.00202,0.00295,0,0.0191,0.07208,0.00436,0.00154,0,0,0,0.03097,0,0,0.00259,0.0023,0,0.00073,0.00829,0.0014,0.02123,0.04229,0,0,0.01151
Fusicatenibacter,0.01502,0.17235,0.05482,0.32977,0.02845,0.01061,0.03238,0.03485,0.04889,0.04998,0.06031,0.09215,0.01908,0.01312,0.05142,0.02623,0.0083,0.1706,0.00782,0.02242,0.14207,0.03561,0.58172,0.44429,0.17334,0.01285,0.05928,0.02664,0.18661,0.03114,0.03166,0.01871,0.03259,0.02037,0.01186,0.003,0.01968,0.04185,0.37508,0.09123,0,0.04208,0.01162,0.02508,0.01611,0.0606,0.0135,0.03984,0.15001,0.02191,0.02668,0.02666,0.08088,0.01217,0.04375,0.03293,0.0587,0.03734,0.01825,0.30048,1.23919,0.03601,0.09424,0.00061,0.32159,0.01375,0.08816,0.04932,0.01284,0.01297,0.02129,0.04593,0.01743,0.05344,0.0238,0.02695,0.01253,0.01555,0.03292,0.88403
Fusobacterium,0,0,0.00799,0.01867,0,0.00038,0.31707,0.00174,0.00071,0.00802,0.0038,0,0.00037,0.00119,0.00171,0.00482,0.00104,0.00125,0.00087,0,0.01502,0,0.01688,0.01592,0.00144,0.00198,0.00523,0,0.00123,0.00445,0,0.00749,0.03609,0.00582,0.00062,0.00023,0.00365,0.01395,0,0.00238,0.00111,0.00324,0.00415,0.00104,0.00732,0.00239,0.01157,0.00263,0.00489,0.00061,0.56155,0,0.00228,0.00292,0.01373,0.00042,0.08501,0.00098,0.00114,0.00255,0.00347,0.00982,0.00077,0.00246,0.09181,0.00041,0.00068,0.00149,0,0,0.0023,0.00219,0.00145,0.02303,0.0168,0.00245,0.00313,0.00194,0.00353,0
Gemella,0,0,0.00343,0.00311,0.00047,0.00227,0.00151,0.00174,0,0.00123,0.00095,0.00144,0.00037,0.00239,0,0.00803,0,0.00376,0.00217,0,0.00347,0,0.0046,0.00109,0.00433,0.00296,0,0.00081,0,0.00127,0,0.00187,0,0.00194,0.00125,0.00046,0.00219,0.0019,0,0.01616,0,0.00108,0,0.00209,0,0.00558,0.00675,0.00165,0.00489,0.00304,0.00364,0.00042,0,0.00292,0.00429,0,0.03441,0,0.00456,0.00509,0.00139,0.00327,0.01468,0.00123,0.01772,0.00083,0.00034,0.00299,0,0.0013,0.00115,0,0.00073,0.00184,0.0042,0.00408,0.0094,0.00097,0.00118,0
Gemmiger,0.18308,0.14912,0.18673,0.61785,0.08347,0.13001,0.03163,0.15334,0.10274,0.28261,0.26356,0.31533,0.05688,0.16816,0.19284,0.29928,0.01867,0.0991,0.30054,0.08307,0.46087,0.18558,0.18265,0.23191,0.18345,0.23521,0.13425,0.08074,0.16574,0.1678,0.08233,0.17403,0.29451,0.28614,0.12703,0.00924,0.06634,0.27011,0.35732,0.03421,0.04456,0.09171,0.03651,0.1583,0.03809,0.26073,0.03471,0.61994,0.49569,0.09738,0.22559,0.0237,0.12189,0.09397,0.25993,0.00464,0.26516,0.08943,0.20071,0.26611,0.90722,0.49101,0.1769,0.03622,1.28423,0.06161,0.86931,0.24363,0.09811,0,0.13006,0.42105,0.21713,0.44272,0.20437,0.15433,0.45263,0.07971,0.33506,2.08021
Granulicatella,0,0,0.00457,0.00062,0.00142,0.00493,0.00377,0,0,0.00123,0.00142,0,0.00112,0.00477,0.00086,0.00696,0,0.00376,0.00217,0,0.00462,0.00029,0.0046,0.00362,0.00289,0.00494,0,0.00081,0.00614,0.00064,0.00528,0.00187,0.00233,0.00097,0.00125,0.00092,0.00073,0.0038,0.00111,0.00618,0,0.00324,0,0.00157,0.00293,0.00399,0.00289,0.00263,0.00163,0.01156,0.00364,0,0.00114,0.00097,0.01115,0.00042,0.03036,0,0.00114,0.00382,0.00416,0.00546,0.00386,0.00061,0.01825,0.00014,0.00034,0.00075,0.00092,0.0013,0.0023,0,0.00073,0.00369,0.0028,0.00735,0.0094,0.00097,0.00235,0.03326
Haemophilus,0.03147,0.37037,1.8102,0.25635,0.0147,0.11977,0.27866,0.17773,0.00354,0.199,0.01425,0.11663,0.00674,0.15266,0.00171,2.36911,0.17012,0.36127,0.48425,0.1279,0.07277,0.00058,1.53487,0.0767,0.07656,0.2105,0.24584,0.07428,0.77713,0.12331,0.13826,0.0393,0.04423,0.0097,0.32334,0.17793,0.1633,0.03234,0.06436,0.82108,0.01448,0.39275,0.83401,1.11747,1.51611,0.15229,0.16294,0.07309,0.60657,1.55011,0.09096,0.00296,0.50235,1.75131,0.10037,0.01984,0.17002,0.00934,0.14597,0.08021,0.06653,0.03164,1.46848,0.25353,4.00032,0.00729,0.00749,0.04335,0.6235,0.01426,0.22732,0.05031,0.12127,0.81634,0.07979,2.70272,0.82225,0.08943,0.10463,1.22945
Hallella,0,0.00733,0.01028,0.00062,0,0.00644,0.00151,0.03136,0,0.00031,0,0.0072,0.00449,0.19321,0,0.18257,0.00104,0.04516,0.00478,0.02505,0.00231,0.00492,0,0.00036,0,0.24015,0,0,0,0.03941,0.00211,0.04117,0.08032,0,0.01592,0,0.01677,0.07355,0,0,0,0.00324,0.00664,0.0256,0.00146,0.01595,0.00193,0,0.16632,0.00304,0.00485,0,0.00228,0.01169,0.11838,0,0.08299,0.00197,0.00114,0,0.00035,0.01528,0.00077,0.00675,0.00376,0.00014,0,0.1674,0.01375,0.00648,0,0.00219,0.01598,0.01658,0.07279,0.02041,0.02506,0.01458,0.01058,0
Hespellia,0.00358,0.011,0,0,0.00617,0.00227,0.00075,0.03136,0.00425,0,0.00475,0.0072,0.00262,0.00119,0.00171,0.00321,0,0.00125,0.00695,0.00132,0.00809,0.00347,0,0.0047,0.00289,0.00198,0.00872,0,0,0,0.00422,0.00561,0.00931,0.00485,0.00562,0,0.00146,0.00063,0,0.00095,0.00334,0.00432,0.00083,0.00157,0.00146,0.0008,0,0.0056,0.00163,0.00304,0.00364,0,0.00683,0.00243,0.00086,0,0.00607,0.00098,0.00456,0,0,0.00327,0.00309,0.00246,0.00107,0.00316,0.00613,0.00075,0.00092,0.00389,0.00173,0,0.00073,0,0.0014,0,0,0.01264,0,0.01279
Howardella,0.00358,0,0.01256,0.01493,0,0,0.00828,0,0.00354,0,0.00522,0,0.00337,0.00358,0,0.02034,0.00622,0.03638,0.02649,0.01582,0,0.00405,0,0,0,0.00395,0.06102,0.00161,0,0,0,0.03181,0.03841,0.00097,0.0025,0,0.00729,0.00444,0,0,0,0,0,0.00313,0,0.01276,0.00193,0,0.02283,0.00061,0.00728,0,0.00797,0.00049,0,0,0.00202,0,0.01711,0,0,0.00327,0,0.00982,0,0.0088,0,0.00149,0.00458,0.00908,0,0.04921,0,0.01751,0,0.02123,0.00626,0,0,0
Intestinimonas,0.00215,0.02934,0.10736,0.10017,0.00806,0.0091,0.00828,0.06447,0.00921,0.01697,0.16621,0.18718,0.01871,0.0155,0.02571,0.03748,0.01556,0.0439,0.01998,0.01846,0.03812,0.0194,0,0.00036,0.04334,0.01384,0.33999,0.01776,0.00614,0.01017,0.01055,0.16467,0.22816,0.01358,0.02403,0.00208,0.02114,0.03107,0.03551,0,0,0.08524,0.00498,0.03553,0.01318,0.04943,0.00386,0.027,0.05055,0.02374,0.09824,0.01608,0.04101,0.01169,0.06691,0,0.05263,0.03783,0.01026,0.00891,0.01213,0.419,0.03167,0.01842,0.04402,0.02145,0.06297,0.06053,0.02201,0.02853,0.01093,0.10171,0.01525,0.05528,0.0112,0.01878,0.02663,0.03111,0.02469,0
Klebsiella,0.00072,0.00733,0.00799,0.00062,0.00047,0.00417,0.00075,0,0.38475,1.87616,0.00047,0,0.01272,0.78595,0,0.09905,0.00104,0.00251,0.00695,0.14504,0.00462,0,0.05219,0.00796,0.00433,0.03953,0,0.05571,0,0.02161,0.13826,0.00187,0,0,0.05743,0.37434,1.07456,0.84139,0.00777,0.15918,0,0.00324,0.02158,0.05851,0.00439,0.07017,0.04532,0.00494,0.42884,0.51731,0,0.00635,0.19707,0.00876,0.02659,0,0.15383,0.00344,0,0.00127,0.00208,0.03601,0.02626,0.35544,1.67132,0,0.00034,0.20253,0.0486,0,0.02014,0.00875,0.11256,0.8532,0.38215,8.01019,5.52397,0.00778,0.52905,0.00384
Lachnospiracea_incertae_sedis,0.48558,5.75228,0.22385,0.87544,0.24708,0.12281,0.31029,1.00889,0.12542,0.0759,0.22415,0.53274,0.16502,0.16697,0.38654,0.32713,0.14004,0.4541,0.24234,0.18196,0.70113,0.14794,0.46814,0.94683,0.66881,0.26684,0.27722,0.15422,0.76976,0.17352,0.20265,0.61191,0.57505,0.08051,0.83551,0.02542,0.17059,0.37536,0.94213,0.87952,0.94125,0.43591,0.09543,0.52556,0.17139,0.79893,0.56018,0.32758,0.19893,0.35177,1.13522,0.15319,0.85319,0.75223,0.33714,0.1258,0.14573,0.49037,0.88952,1.26305,1.23711,0.23241,0.72535,0.01351,0.52293,0.09503,0.05344,0.10762,0.35576,0.2295,0.04949,0.24607,0.05809,0.19902,0.14278,0.15269,0.12373,0.55409,0.01528,1.60174
Lactobacillus,0.0329,0.10023,0.05596,1.11996,0.0939,0.1554,0.27866,0.24743,0.35428,0.1231,0.06269,0.19438,0.0247,0.20275,0.05485,0.88286,0.01867,0.23834,0.06949,0.0567,0.27837,0.35466,0.82269,0.00362,0.45214,0.30439,0.01395,0.0541,0.14487,0.22628,0.19209,0.40981,0.14085,0.15616,0.14669,0.27359,0.22745,0.07355,0.02996,4.82811,0.08911,0.00647,0.03402,0.24972,0.03955,0.6283,0,0.00856,0.81038,0.1485,0.00243,0.15404,0.05468,0.10419,0.1364,0.00802,0.06679,0.16067,0.15282,0.01401,0.02911,0.03928,0.21398,0.12523,1.60958,0.11085,0.05072,0.0695,0.08436,0.42658,0.01266,0.02953,0.52285,0.59153,0.05039,0.07104,0.05638,0.2158,0.03762,3.01797
Leptotrichia,0,0,0,0,0.0019,0.00076,0.00075,0.00174,0.00142,0.00062,0.00285,0,0.00037,0.00119,0.00171,0.00054,0,0.00251,0.00391,0,0.00231,0,0,0.00072,0,0,0.00174,0.00081,0.00123,0,0,0,0,0.00194,0.00125,0.00023,0.00365,0,0.00111,0.00665,0.00223,0,0.00083,0.00157,0.01172,0.00478,0.00578,0.00099,0,0.00365,0,0,0,0,0.01458,0,0.06882,0.00098,0.00228,0.00637,0.00693,0.00327,0,0,0.00322,0.00028,0,0.00149,0,0,0.00115,0,0.00363,0.01382,0.0182,0.00408,0.00626,0.00389,0.00588,0
Megamonas,0,0,0.00799,0.00124,0.0939,0.56627,0.74785,0,0.00071,0.05924,0,0.00144,0.00037,0.3733,0,0.29018,0,0,0,0,0.00116,0,0,0.4783,0.00144,0.53466,0.00349,0.00161,3.46576,0.01843,0.42429,0,0,0.10767,0,2.14596,0.07509,0.00761,0.37064,0.00285,0.50126,0,0.00083,0.00052,0.20947,0.00638,0,0.00033,0,0.27083,1.0576,0.00254,0,0,0.20417,0,0.03441,0.02408,0.08781,0.26865,0.8095,0.01528,0.00541,0.0178,0,0,0.52179,0.00598,0,0.02982,1.49746,0,0.08932,0.14558,0.07839,0.61403,0.48709,0,0.05173,0
Megasphaera,0,0.15524,0.08337,2.0713,0,0.00114,0.00301,1.14131,0.09778,0.56183,0.2213,0.32253,0.00037,0.05725,0.11228,0.33409,0,0.05645,0.15157,0.10944,0.09356,0,0.02763,0.00434,0.00144,0.04941,0.25281,0.06702,0,0.21229,0.04644,0.22081,0.35038,0.07469,0.0334,0.07672,0.00292,0.19402,0.13094,0.00095,0.08466,0.00108,0.21162,0.28002,0.11865,0.44013,0.04821,0.01218,0.86582,0.77475,0,0.16039,0,0.22348,0.17758,0.01309,0.21455,0.1081,0,0.10568,0.59915,0.00655,1.74811,0.37079,0.1616,0.0898,0.0177,0.25484,0.29891,0.12577,0.05352,0.8771,0.10457,0.29116,0.0126,0.00082,0.14566,0.61047,0.00235,0.00256
Methylobacterium,0,0,0,0,0,0,0,0,0,0,0,0,0,0,0,0,0,0,0,0,0,0,0,0,0,0,0,0,0,0,0,0,0,0,0,0,0,0,0,0,0,0,0,0,0,0,0,0,0,0,0,0,0,0,0,0,0,0,0,0,0,0,0,0,0,0,0,0,0,0,0,0,0,0,0,0,0,0,0,0
Mitsuokella,0,0.35081,0.32207,1.71976,0.20677,0,0.12803,5.49573,0,0.40942,0.46587,0.69832,0.01048,0.08945,0.45682,0.44009,0.0612,0.12168,0.51769,0.0567,0,0.30747,0.01995,0,0.00578,0.0929,0.84561,0,0,0.02225,0.03061,0.47905,0.77061,0.08342,0.11454,0.01918,0.06269,0.4673,0.0455,0,0.00111,0,0.14689,0.3819,0.0293,0.40744,0.11763,0.00395,0.82343,0.19475,0,0.09691,0.2039,0.19573,0.10123,0,0.35017,0.17787,0.45274,0.02928,0.24223,0.01637,0.00077,1.92269,0.16858,0.88071,0.03744,0.94613,0.10453,0,0,0.34668,0.00073,0.26259,0.0084,0.00163,0.15975,2.59354,0.00235,0.0064
Neisseria,0.00286,0.00367,0.01371,0,0.0019,0.0019,0.01356,0.01742,0.00213,0.00524,0.00142,0.01152,0.00374,0.01312,0.00171,0.03212,0,0.0276,0.00217,0.00132,0.03696,0,0.05065,0.00109,0.00433,0.00889,0.00872,0.00081,0.00491,0.00572,0,0.00561,0.00116,0.01358,0.00437,0.00139,0.00292,0.00444,0,0.03184,0,0.02266,0.0083,0.01724,0.05859,0.01754,0.03375,0.00395,0.00489,0.01522,0.00364,0,0.01139,0.01509,0.01716,0,0.33802,0.00098,0.02167,0.02165,0.0104,0.02182,0.00463,0,0.01127,0.00096,0,0.00149,0.011,0,0.00518,0,0.0029,0.02211,0.0238,0.0049,0.0047,0.01458,0.00705,0.00128
Odoribacter,0,0.08923,0.00343,0.22586,0,0.00076,0,0.0122,0.09353,0.22214,0.10638,0.01728,0.12199,0.00596,0.03,0.01606,0.00622,0,0,0.149,0.33035,0.0194,0,0.00036,0.00722,0.0168,0.14471,0.01615,0,0.00127,0.0095,0.18339,0.0908,0.03104,0,0.00647,0.00219,0.03487,0.94102,0,0,0.04316,0,0,0.04541,0.00877,0.00096,0.13959,0.09783,0,0.05215,0.0182,0.07404,0.00049,0.01973,0.09372,0.02227,0.12382,0.02281,1.02878,0.6338,0.36662,0.02704,0,0.02684,0.00358,0.1804,0.20178,0.00092,0.00778,0.0023,0.07984,0,0.02396,0.0168,0,0.08301,0.00583,0.00823,0
Olsenella,0.0093,0.01222,0.01256,0.13937,0,0,0.00075,0.01917,0,0.00031,0.03324,0.07775,0.00187,0,0,0.00482,0,0,0.01173,0.00132,0.00116,0.09207,0.00921,0,0.00289,0,0.01046,0.00484,0.00123,0.00318,0,0.00187,0.0163,0.00097,0.00094,0,0.00219,0.00634,0.00555,0,0,0,0,0.04545,0,0.10126,0,0.00099,0.04402,0,0,0.00085,0.00683,0.00633,0.01544,0,0.06072,0.00098,0.00114,0.00255,0.01663,0.00109,0.02935,0.00061,0.23623,0.00371,0.00034,0.01794,0.04034,0.0013,0,0.01312,0.00581,0.40172,0.007,0.00163,0.00313,0.01069,0,0
Oribacterium,0.00143,0.00978,0.03426,0.00622,0.00095,0.00152,0.00753,0.00348,0.00213,0.00093,0.0019,0.01152,0.00486,0.00239,0.00429,0.0439,0.00622,0.00502,0.00174,0.17669,0.00809,0.00174,0.00614,0.00579,0.00433,0.00692,0.01395,0.00242,0.00368,0.01081,0.00739,0.00561,0.00466,0.00097,0.05524,0.00046,0.00146,0.00761,0.00555,0.00475,0,0.00432,0.00996,0.01776,0.00732,0.00159,0.10702,0.00066,0.00163,0.00365,0.01092,0.00423,0.00342,0.24782,0.00858,0.00338,0.0081,0.00147,0.00456,0.00509,0.00243,0.00655,0.00309,0.00552,0.00913,0.00426,0.00647,0.00598,0.2494,0.0013,0.00345,0.00437,0.00073,0.16769,0.0126,0.00163,0,0.00486,0,0.00256
Oscillibacter,0.00215,0.00367,0.19073,0.08089,0.06165,0.03184,0.01054,0.05924,0.00921,0.02653,0.07646,0.03744,0.01609,0.0489,0.01286,0.09423,0.0166,0.0276,0.03865,0.03428,0.11089,0.02635,0,0.03365,0.02167,0.05633,0.32081,0.0218,0.00368,0.0375,0.02322,0.13286,0.22466,0.00485,0.03277,0.00231,0.02114,0.03678,0.11763,0.00095,0.0078,0.30428,0.01494,0.05068,0.01318,0.05023,0.00868,0.01975,0.22991,0.02252,0.06549,0.01185,0.11277,0.00438,0.37059,0.00422,0.06477,0.01867,0.00342,0.08149,0.0752,0.22587,0.06721,0.00798,0.03651,0.00605,0.0531,0.35424,0.00734,0.02334,0.01439,0.02515,0.0138,0.14051,0.04339,0.07839,0.19734,0.03013,0.04115,0
Parabacteroides,0.00858,0.80307,0.52079,1.71603,0.7142,0.03563,0.03013,0.03311,0.52859,0.70159,0.64015,0.33116,0.14781,0.09303,0.23398,0.11029,0,0.12419,0.40911,0.17801,2.18654,0.10625,0.02916,1.76233,0.12856,0.1097,1.04089,0.1526,0,0.32162,0.12877,1.58124,1.18036,0.13967,0.03496,0.01618,0.11008,0.23523,0.72019,0.05749,0.28962,1.38759,0.00249,0.01515,0.14648,0.04066,0.00386,0.75953,0.47286,0.08399,0.22801,0.59161,0.70739,0,0.31826,0.00464,0.74082,0.29088,0.30791,0.904,0.8043,10.4422,1.44067,0.01289,0.85257,0.02407,1.44625,0.37965,0.00092,0.07391,0.11337,0.40246,0.04938,0.21837,0.10499,0.12411,0.42287,0.01653,0.09993,0
Paraprevotella,0.01645,0.66495,0,0.0112,0.00047,0,0.03464,0.00348,0.14455,0.36591,0.25597,0.00288,0.02208,0.0155,0,0.02677,0.06743,0.01882,0,0.13449,0.13745,0,0.00153,0,0.00144,0.03953,0.31558,0.01938,0,0.08898,0.02744,0.00187,0,0.05626,0.00437,0,0.00729,0.00697,0.66582,0,0.01782,0.11761,0,0.00418,0.04102,0.00319,0,0.54454,0.01141,0,0,0.22005,0.02392,0.00097,0.06348,0,0.47566,0,0.09237,0.57932,0.7187,0.61541,0.03785,0,0.06443,0.03617,0.47142,0.01196,0,0.18023,0.00115,0.12468,0.00436,0.00369,0.0014,0.00163,0,0.00292,0.00118,0
Parasutterella,0,0.07456,0,0.00996,0.00047,0,0,0,0.21469,0.01018,0.00237,0.00144,0,0.00119,0.01457,0.00535,0,0,0.00955,0.01319,0,0.011,0.87488,0,0.00144,0,0.02441,0.00242,0,0.00191,0,0.00749,0.00116,0.00776,0.00343,0.00462,0.03062,0.01902,0.78011,0.00048,0.01559,0.00863,0,0.02037,0,0.01914,0,0.01942,0,0.01035,0,0.00042,0.01367,0,0.006,0,0.00202,0.03439,0.00684,0.66972,0.44044,0.02728,0.00541,0,0.37904,0.00468,0.00715,0.00149,0,0.00259,0,0,0.00218,0.00737,0.014,0.00082,0.00313,0,0.00705,0
Peptostreptococcus,0.00072,0,0.00343,0.01556,0.0019,0,0.00075,0.00348,0.00071,0.00309,0,0,0,0.00239,0.00086,0.00482,0,0,0.00217,0,0,0,0.01228,0.00217,0.00289,0.00198,0,0.00161,0.00737,0.00064,0.00211,0.01123,0.00116,0,0,0,0.00073,0.00254,0.00222,0.00285,0,0.00108,0.00332,0,0.00146,0.0008,0.00096,0,0.00326,0.00183,0.02304,0.00042,0,0.00487,0.00257,0.00042,0.01214,0,0.00114,0,0.00069,0,0.00386,0.00184,0.05154,0.00165,0.00068,0,0.00367,0,0,0.00109,0.00871,0.00092,0,0.00245,0.00157,0.00194,0,0.01663
Prevotella,77.1976,41.069,46.5935,10.6066,75.1257,75.3344,78.728,39.8815,75.3747,64.6727,80.9632,48.6739,50.3757,72.9546,81.2164,56.774,88.6238,58.37,55.2179,77.9206,28.7958,80.4962,1.78659,0.06802,77.4828,68.1201,55.5226,66.2953,73.2045,72.017,73.7762,34.6189,25.0169,89.4983,51.2565,91.5825,77.8878,65.73,0.33291,53.2209,84.1335,64.4073,59.8579,63.498,80.4063,55.756,83.2255,59.2047,45.238,60.579,65.28,47.3568,69.1313,73.3973,46.0856,82.9621,59.5446,80.4861,68.5738,0.66208,0.40336,35.6542,55.4228,77.8081,19.7659,77.4785,19.9285,55.9623,74.7355,54.5582,72.5427,72.9959,82.3617,53.0161,84.9618,67.1713,41.0844,65.4227,78.3621,0.27122
Pseudoflavonifractor,0,0,0.00228,0.00187,0,0.00038,0,0.00523,0,0,0.00142,0.00864,0.00075,0,0,0.00161,0,0.00502,0.0013,0.01055,0.00231,0.00203,0,0,0,0.00692,0.00349,0,0,0.00127,0,0.01123,0.00815,0,0.00406,0.00023,0.00073,0.00127,0,0,0.0078,0.01618,0,0.00784,0.00439,0.00558,0,0.00033,0.00326,0.00061,0.00485,0.00042,0.0057,0.00146,0.02745,0,0.00202,0.00393,0,0,0,0.00218,0.00077,0,0.00107,0.0011,0.00102,0.00374,0.00092,0.00259,0,0.00219,0,0,0.0028,0.00163,0,0.00292,0,0
Pseudomonas,0.00215,0.00244,0,0.00436,0.00095,0.00227,0.00603,0.00871,0.00425,0.00123,0.00285,0.00144,0.00374,0,0.00514,0.00107,0,0,0,0,0.0104,0,0.2333,0.00036,0,0.00395,0,0,0,0.00191,0,0,0,0.01164,0,0,0,0.00254,0,0.00285,0.00223,0.00216,0.00166,0.00522,0.00586,0.0008,0.00482,0.00033,0,0,0,0.00042,0,0.00146,0.00086,0.00042,0.02631,0.00049,0.02167,0.00637,0.00347,0.00873,0.00077,0,0.00215,0,0.00068,0.00149,0.00458,0,0.00115,0.00109,0.00145,0.00276,0,0,0,0.00486,0,0
Ralstonia,0,0,0.04226,0.06844,0.00996,0.00114,0,0.00174,0,0,0,0,0.00112,0.0155,0,0.02409,0,0,0,0.00132,0.00809,0.00087,0.39293,0.00398,0,0.02273,0,0,0,0.00064,0,0,0.00116,0.00582,0.00218,0.00046,0.01604,0.00063,0,0,0,0.00108,0,0.01254,0.00439,0.02153,0.00193,0.02173,0.02609,0,0,0,0,0,0.01115,0.00042,0.07084,0.00147,0,0.00382,0.00797,0.02837,0.00386,0.00061,0.00591,0.00014,0.00647,0.04185,0.00367,0,0.00288,0,0.00581,0.09122,0.0154,0.04001,0.06578,0.00389,0.0047,0.01279
Rhizobium,0,0,0,0,0,0,0,0,0,0,0,0,0,0,0,0,0,0,0,0,0,0,0,0,0,0,0,0,0,0,0,0,0,0,0,0,0,0,0,0,0,0,0,0,0,0,0,0,0,0,0,0,0,0,0,0,0,0,0,0,0,0,0,0,0,0,0,0,0,0,0,0,0,0,0,0,0,0,0,0
Roseburia,0.85102,8.22017,2.64163,8.46752,4.10075,3.11371,1.32399,7.75571,1.22156,2.84432,0.87949,2.16984,1.1918,2.99948,2.11783,6.11739,1.92836,5.50057,4.8607,1.18935,1.52584,1.04283,4.41276,7.80257,5.33751,4.04601,2.18987,2.34958,3.67569,0.86124,2.64919,5.96755,6.83189,1.92535,3.47813,0.12547,1.28159,2.39863,4.55529,2.4238,2.00503,5.53847,1.28297,2.95119,3.13036,4.89882,1.90326,8.33407,5.01068,4.0965,1.92478,0.87895,1.70069,2.53422,2.45861,1.23819,0.91894,1.79194,1.64105,4.69697,6.72927,0.29679,2.3939,1.08351,6.64125,1.11643,2.83463,2.96395,3.1615,1.37569,0.32228,3.35419,1.64844,7.14529,1.56639,1.31054,0.94285,3.7513,1.33437,6.24576
Rothia,0.00501,0.00122,0.04111,0.00062,0.00047,0.01213,0.00753,0.00697,0.00071,0.00401,0.0019,0.00144,0.00075,0.01431,0.00086,0.0182,0,0.01129,0.00955,0.00132,0.00578,0,0.00921,0.00253,0.00578,0.01384,0.00872,0.00323,0.00859,0.0089,0.01583,0.04117,0.01048,0.00388,0.00624,0.00739,0.00073,0.00317,0.00111,0.01996,0,0.00216,0.00083,0.00993,0.00146,0.00478,0.00482,0.00198,0.00326,0.02617,0.00243,0,0.00228,0.01363,0.01458,0,0.10728,0.00049,0.00456,0.01401,0.00693,0.00655,0.0139,0.00246,0.05852,0.00124,0.00102,0.00075,0.00275,0,0.00345,0.00109,0.00944,0.04146,0.0168,0.0196,0.02193,0.00292,0.0047,0.01791
Ruminococcus,0.00143,1.39101,0.12677,0.90841,0.20535,0.24561,0.04142,1.87141,0.41451,0.58929,0.69999,0.91574,0.08943,0.18009,0.29055,0.24735,0.01037,1.03489,1.19042,0.47468,3.31967,0.21656,0.00921,0.75218,0.08089,0.26782,1.13852,0.13565,0,0.0286,0.43907,0.88138,0.87654,0.12803,0.12609,0.00693,0.02552,0.25489,1.58464,0.00523,0.00557,1.86882,0.02656,0.11807,0.02783,0.05821,0.00193,0.39442,0.65548,0.00061,0.0376,0.15108,1.58906,0.05989,0.18272,0.03166,1.41484,0.16558,0.83478,1.40438,3.31422,3.30726,0.22556,0.09577,1.25738,0.09297,0.78524,1.36987,0.12562,0.01426,0.07309,0.25701,0.08279,0.35289,0.09799,0.03756,2.35712,0.84572,0.1352,0.00384
Ruminococcus2,0.00715,0.08312,0.06624,0.71242,0.01518,0.03298,0.03163,0.11152,0.03401,0.01234,0.07741,0.09503,0.11413,0.02624,0.01543,0.09476,0.07469,0.14802,0.11205,0.02505,0.22639,0.08049,0.58632,0.19863,0.08667,0.02767,0.06102,0.01776,0.05525,0.00381,0.04961,0.02433,0.05122,0.0097,0.02216,0.00462,0.00802,0.03678,0.23747,0,0.01894,0.07013,0.00664,0.06008,0.04248,0.11641,0.00675,0.12478,0.22991,0.04504,0.59308,0.02243,0.1777,0.04918,0.0712,0.03208,0.02024,0.06191,0.00114,0.21263,0.44841,0.23132,0.11973,0.00982,0.06174,0.00399,0.11607,0.07025,0.06877,0.07002,0.1128,0.0164,0.03268,0.09582,0.0126,0.00653,0.1206,0.05638,0.01528,0.00896
Saccharibacteria_genera_incertae_sedis,0.01001,0.00611,0.00343,0.00809,0.0019,0.00227,0.00904,0.00871,0.00071,0.00339,0.00617,0.0144,0.00112,0.00358,0.00086,0.02463,0,0.00376,0.00869,0.00264,0.01386,0.00058,0.01995,0.02858,0.00578,0.00791,0.00523,0.00161,0.01228,0.00763,0.00422,0.00749,0.00349,0.00388,0.00843,0.00208,0.00219,0.00761,0.01221,0.0095,0,0.01726,0.00083,0.00731,0.00146,0.00319,0.00289,0.00395,0.01467,0.014,0.00728,0.00169,0.00456,0.00682,0.02145,0.00549,0.04453,0.00049,0.00114,0.01146,0.01005,0.00436,0.00463,0.00123,0.0247,0.0022,0.00374,0.0127,0.02109,0.00519,0.00115,0.00219,0.00726,0.0129,0.0126,0.00245,0.0047,0.01458,0.00235,0.02687
Slackia,0,0,0,0,0,0,0,0,0,0,0,0,0,0,0,0,0,0,0,0,0,0,0,0,0,0,0,0,0,0,0,0,0,0,0,0,0,0,0,0,0,0,0,0,0,0,0,0,0,0,0,0,0,0,0,0,0,0,0,0,0,0,0,0,0,0,0,0,0,0,0,0,0,0,0,0,0,0,0,0
Solobacterium,0,0,0.00114,0.00062,0,0.00038,0.00151,0,0.00071,0.00154,0.00047,0.00144,0.00037,0.00358,0,0.00161,0,0.00125,0.00304,0,0.00116,0.00058,0.00614,0,0,0.00099,0.00174,0,0.00246,0,0.00106,0,0.01164,0,0,0,0.00073,0,0.00111,0.00618,0,0.00432,0,0,0,0.0008,0.00193,0,0,0.00061,0.00243,0,0,0,0.00515,0.00084,0.01417,0,0,0.00382,0.00069,0.00327,0.00154,0,0.00107,0.00028,0.0017,0,0,0,0,0,0,0.00276,0,0,0.00157,0,0,0.00128
Streptococcus,0.87963,0.6515,0.2524,0.17608,0.046,0.58181,0.11824,0.37289,0.00567,0.04597,0.03277,0.09935,0.00674,0.45439,0.07542,0.58518,0.03527,0.22454,1.25339,0.01187,0.18019,0.00087,16.7915,0.13097,0.05923,0.63843,0.05754,0.00807,1.03985,0.14238,0.35674,0.14222,0.0908,0.02328,0.26248,2.64114,0.08019,0.0837,0.24746,0.40389,0.03008,0.20177,0.34024,0.19905,0.65625,0.29741,0.03567,0.54356,0.97507,0.41263,1.88597,0.01016,0.16745,0.17138,0.25135,0.00253,1.16183,0.01278,0.58389,0.19353,0.23356,0.05019,3.14166,0.16022,2.95125,0.91647,0.17257,0.07847,0.21364,0.03241,1.03763,0.0853,0.15686,1.54331,0.22537,0.57239,0.36179,0.19053,0.09053,1.5301
Streptophyta,0.01931,0.02567,0.44998,0.02738,0,0.0019,0,0,0.00142,0.00309,0.00095,0.00576,0,0.00835,0.018,0.00428,0,0.00376,0.01042,0,0.00462,0.00434,0.0706,0.00072,0,0.03064,0.00349,0,0.00614,0.10487,0.00106,0.17216,0.01164,0,0.02247,0.0104,0.01895,0.1192,0.00111,0.40199,0.00111,0.00432,0.00498,0.01202,0,0.0295,0.00096,0.00263,0.04402,0.00791,0.00243,0.00169,0.02278,0.15824,0.01287,0.00042,0.02834,0.00786,0.01254,0.00255,0.00728,0.03819,0.0842,0.00491,0.09664,0.00193,0.01702,0.00448,0.00183,0.0013,0.00058,0.00109,0.01598,0.02211,0.0014,0.06532,0.04542,0.01361,0.00588,0.0064
Succinivibrio,0.00143,0,20.5198,1.57106,0.00142,0.00265,0.01356,0.00348,0.00425,0.00463,0.00997,21.2204,40.1771,0.25165,0.01114,0.24467,0.00207,11.8918,0.01042,0,37.1008,0.00318,0.08749,0.00724,0.00144,1.08118,0.00349,0.00161,0.00368,0.09598,0.00211,14.409,13.7231,0.00679,24.8488,0.00139,0.02624,9.50385,0.01554,0.01045,0.00446,0.01403,21.2544,14.465,0,18.951,0.00096,0.00033,1.24737,0.00122,0.00243,38.7764,0.00114,3.55228,18.2517,0.00042,1.6132,0.00295,0.02281,0.01019,0.00243,0.02837,0.03785,0.00737,0.00483,0.00193,0,0.18609,2.9442,23.917,0.00173,0.04046,0.0138,0.72973,0.04479,0.01551,18.3433,0.00194,0.01411,0.00384
Sutterella,1.41169,1.3519,1.5064,7.31583,0.44626,0.42792,0.90827,0.2091,0,1.30075,0.6183,0.55146,0.14182,0.46871,0.30255,0.33355,0.31119,0.1706,0.46036,0.62236,0.07623,0.63172,0.10744,0.00072,0.62403,0.54553,1.11063,0.45861,1.46954,3.46403,1.01746,0.23017,0.18043,1.22602,0.47628,0.42124,0.02114,0.64674,0.00333,2.07313,2.31025,0.41002,0.47966,0.68177,0.28125,1.21195,0.32396,1.28399,2.02025,1.15817,1.14492,0.36351,0.20276,0.1412,1.54757,0.00127,0.85214,0.15723,2.30704,0.01019,0.0045,0.16367,1.03512,0.31492,1.68635,0.64499,1.18858,0.56648,0.08619,0.18541,0.88052,0.11155,1.17715,2.87562,1.10305,0.01225,0.03915,0.31107,1.23679,8.92727
Turicibacter,0.01287,0.04034,0.1656,0.28372,0.00711,0.17663,0.00075,0.00174,0.01417,0.12711,0,0.02448,0.08083,0.34944,0.00086,1.16341,0,0.03763,0.27578,0.03296,0.00231,0.00608,0.30544,0.00181,1.50664,0.48129,0.08892,0.02907,0.16451,0.40424,0.08127,0.09731,0.07217,0.00291,0.47066,0.00023,0.36305,0.10716,0.03107,0.80492,0,0.11653,0.03817,0.10658,0.26514,0.0287,0.05206,0.0586,0.25274,0.15459,0.0097,0.00042,0.12758,0.09543,0.02831,0,0.0506,0,0.01254,0.02165,0.02287,0.16149,0.0085,0.06937,0.29958,0.00055,0.00885,0.03214,0.24665,0.00519,0.00115,0.00109,0.0443,0.52519,0.06719,2.54595,1.87474,0.02041,0.06701,0.12154
Veillonella,0.08725,0.07823,0.0868,0.01493,0.01186,0.02047,0.01582,0.04705,0.00567,0.01759,0.01187,0.0288,0.00374,0.02505,0,0.06318,0.00311,0.04014,0.10597,0.01055,0.04505,0,2.72593,0.09769,0.02745,0.02767,0.00697,0.00323,0.21239,0.01271,0.03061,0.04678,0.0291,0.0097,0.02622,0.0439,0.01531,0.00571,0.05881,0.13067,0.00334,0.02697,0.02407,0.06217,0.02637,0.07335,0.02314,0.00296,0.11088,0.1765,0.0279,0.00042,0.02506,0.06329,0.08493,0.00338,0.17205,0.00049,0.01711,0.06239,0.05856,0.03492,0.03862,0.00859,1.66971,0.02173,0.00034,0.00598,0.04126,0.00259,0.0328,0.00219,0.00508,0.15019,0.04479,0.03103,0.02976,0.02722,0.00118,2.11092
Weissella,0.00143,0,0,0.00124,0,0.00038,0.00075,0.00174,0.00142,0.02005,0.00047,0,0,0,0,0.00107,0,0,0.00521,0,0,0,0.03837,0.00253,0,0,0,0.00323,0.00246,0.00127,0.00633,0,0,0,0.33396,0.80898,0.00219,0.0019,0.00666,0.00143,0,0,0,0.00104,0.00586,0.00239,0.00096,0,0.05707,0.03895,0,0.00254,0.04443,0,0,0,0,0.00049,0.00684,0.00764,0.01074,0,0.00077,0.00184,0.02523,0,0,0,0,0.0013,0.0023,0,0,0.04238,0.0056,0.0049,0.01253,0.00097,0.00118,0